id,website_url,number_of_links,importance,links_it_contains
0,czayb.com,8,0.125,"vxybc.com, tsker.com, iisre.com, tdfwb.com, rholu.com, toqth.com, mtwwy.com, sgjib.com"
1,srwrn.com,8,0.125,"cdixj.com, wwzty.com, vblty.com, enpto.com, uyeoe.com, wgdpn.com, giqqx.com, cqkjd.com"
2,itayg.com,2,0.5,"cptxb.com, aaqbk.com"
3,ymfog.com,17,0.058823529411764705,"yrubt.com, gzqyt.com, avboo.com, knpfy.com, uepvv.com, tflyz.com, utwin.com, bfmxd.com, tsker.com, zspqn.com, jpssf.com, wrjdb.com, pruvg.com, lnset.com, joaqq.com, vload.com, lbhoi.com"
4,ujcbk.com,18,0.05555555555555555,"lfvwq.com, uepvv.com, otjfm.com, aagqj.com, bzila.com, ahyxj.com, imiex.com, ewstd.com, szjle.com, aeson.com, mnpny.com, nkqhg.com, uutie.com, gnxoa.com, kdzsj.com, ropcj.com, zfnye.com, juelg.com"
5,bzblj.com,16,0.0625,"bfuew.com, cdzek.com, ivyps.com, byzhz.com, dkzpf.com, czjan.com, voidb.com, scyby.com, haxoy.com, bfuew.com, nwoxw.com, jjtff.com, unhog.com, kxbqr.com, gbnko.com, dtzeo.com"
6,vaclx.com,6,0.16666666666666666,"knpfy.com, ztfvm.com, lcvmk.com, epnpo.com, zspqn.com, vgozh.com"
7,nvxtt.com,3,0.3333333333333333,"mgknm.com, hmpoz.com, vxybc.com"
8,tshgl.com,26,0.038461538461538464,"dyxvc.com, vzans.com, jjtff.com, pruvg.com, xaycj.com, lxnvj.com, ldybc.com, oonee.com, iyyxy.com, momir.com, dyxvc.com, zfnye.com, zfgul.com, wgdpn.com, mtrjb.com, ajqbb.com, aurpl.com, juelg.com, glrbv.com, qpbnw.com, lidsa.com, tfcza.com, uasmf.com, vwxzo.com, imiex.com, obrjc.com"
9,nkqhg.com,9,0.1111111111111111,"ilxxq.com, llkbh.com, tpeid.com, iqegn.com, ambsh.com, nttqc.com, eyopi.com, hmdja.com, dxqae.com"
10,rlshr.com,3,0.3333333333333333,"iisre.com, aaqbk.com, cxwsv.com"
11,rholu.com,3,0.3333333333333333,"jqttf.com, iebwl.com, vwxzo.com"
12,uutie.com,5,0.2,"imiex.com, svduj.com, ccgan.com, kjxpr.com, lndec.com"
13,toqth.com,7,0.14285714285714285,"iwnoa.com, rlfso.com, qhndc.com, bvzcw.com, afmoo.com, flkuy.com, bdcgu.com"
14,kibtq.com,24,0.041666666666666664,"eltna.com, gtgcr.com, uepvv.com, qkaxl.com, kaiyv.com, wfnwb.com, byqms.com, vblty.com, lrcxw.com, pruvg.com, slkhq.com, lcvmk.com, pyisk.com, iiljv.com, dtzeo.com, oyvco.com, olbww.com, glrbv.com, gusnn.com, uyeoe.com, nbprc.com, znhnz.com, hsksl.com, tsker.com"
15,mrlbe.com,2,0.5,"nadix.com, oecyl.com"
16,smvcx.com,3,0.3333333333333333,"vbjwe.com, qpxiq.com, dkzpf.com"
17,ppmgn.com,7,0.14285714285714285,"gtgcr.com, scyby.com, cdixj.com, ydqwp.com, ogppi.com, niqpm.com, rukce.com"
18,ncqfz.com,25,0.04,"rvhtm.com, yvxts.com, lujms.com, znhnz.com, houmo.com, dhafl.com, ivyps.com, ujcbk.com, yoihc.com, hmhnt.com, phmyp.com, eyqzl.com, ropcj.com, hkjan.com, gzqyt.com, jmemc.com, hmdja.com, kzjvn.com, zxifw.com, gytwx.com, olksw.com, tgfax.com, lnset.com, wwzty.com, hkwzd.com"
19,nbprc.com,27,0.037037037037037035,"phkwc.com, scnwd.com, fjtim.com, ajqwc.com, zqqeu.com, hfwbr.com, smvcx.com, vzans.com, itayg.com, osnpf.com, byqms.com, pvxli.com, kaiyv.com, gdsaz.com, dwxkp.com, momir.com, flkuy.com, zuwrq.com, ikiwz.com, ykdty.com, xlotf.com, evrnn.com, kvrtm.com, vload.com, qaudz.com, osnpf.com, lidsa.com"
20,gkjlh.com,7,0.14285714285714285,"rysig.com, hfwbr.com, ahyxj.com, aepho.com, hmhnt.com, bvzcw.com, cbfdo.com"
21,giqqx.com,7,0.14285714285714285,"moawp.com, xpnql.com, kizqb.com, doewq.com, ivyps.com, lcvmk.com, rkydw.com"
22,tgfax.com,8,0.125,"kaiyv.com, ydklw.com, aojar.com, htunv.com, eyopi.com, ajqwc.com, wqfek.com, pdfev.com"
23,ykdty.com,7,0.14285714285714285,"kaiyv.com, phmyp.com, zjyat.com, mnpny.com, ghdby.com, wwzty.com, npcwl.com"
24,iisre.com,2,0.5,"ounoe.com, pethe.com"
25,fcnbq.com,23,0.043478260869565216,"fjtim.com, lcvmk.com, qgqav.com, qpbnw.com, hkwzd.com, dhsqr.com, hmhnt.com, nejxi.com, sgjib.com, moawp.com, ghlft.com, wbceg.com, kwxfk.com, qzfdh.com, nkqhg.com, oxpvo.com, ifbhd.com, aqzug.com, zxzla.com, yykch.com, vzans.com, mrlbe.com, lwqpa.com"
26,cdzek.com,24,0.041666666666666664,"axhul.com, zjyat.com, upqbf.com, nymff.com, uyeoe.com, ywkvg.com, wigfq.com, jpssf.com, pcmxg.com, adbze.com, uyeoe.com, ybgfv.com, slkhq.com, sksaq.com, etsxj.com, nymff.com, pcmxg.com, pdfev.com, vwxzo.com, glrbv.com, xykym.com, byzhz.com, ebcha.com, mubpr.com"
27,iyavk.com,3,0.3333333333333333,"qziqe.com, avjkr.com, qxkqf.com"
28,ghdby.com,1,1.0,fzfdj.com
29,ormou.com,2,0.5,"lidsa.com, pruvg.com"
30,kyxql.com,9,0.1111111111111111,"imtuu.com, mcmih.com, vblty.com, slefa.com, bdcgu.com, prqvj.com, yubno.com, jpssf.com, mpvkm.com"
31,gxcpa.com,7,0.14285714285714285,"yepop.com, lidsa.com, pfvgc.com, cdzek.com, lbhoi.com, dkzpf.com, mpvkm.com"
32,kizqb.com,6,0.16666666666666666,"oxgvl.com, otjfm.com, zutpy.com, olbww.com, ikiwz.com, uasnp.com"
33,pdfev.com,10,0.1,"ixcii.com, kjxpr.com, fzjxn.com, gbnko.com, fjtim.com, kyxql.com, unhog.com, bdcgu.com, qpzew.com, znhnz.com"
34,lrtwo.com,16,0.0625,"jgmna.com, cpzed.com, swyys.com, luzza.com, zutpy.com, llkbh.com, oxpvo.com, xnaha.com, zutpy.com, kkqdz.com, olksw.com, swyys.com, kdzsj.com, etsxj.com, shnkf.com, mldal.com"
35,qpzew.com,16,0.0625,"qziqe.com, mzmvx.com, lwqpa.com, xldin.com, oonee.com, nvxtt.com, dxqae.com, gusnn.com, mkdrp.com, dkzpf.com, gdsaz.com, kizqb.com, uapje.com, karoh.com, pxbcv.com, cdzek.com"
36,ivyps.com,8,0.125,"zfwzt.com, qgvou.com, zxifw.com, lrcxw.com, izqjp.com, bduln.com, fzfdj.com, kjxpr.com"
37,eyopi.com,12,0.08333333333333333,"vuohx.com, hsksl.com, zqqeu.com, njbzq.com, czayb.com, olksw.com, ixcii.com, ifbhd.com, pegbj.com, wrjdb.com, sbjek.com, ztfvm.com"
38,aaqbk.com,14,0.07142857142857142,"phxtw.com, mupye.com, ficjo.com, wqfek.com, mldal.com, avboo.com, ydklw.com, xdnxo.com, qrflu.com, fntrc.com, wojdv.com, wqfek.com, giqqx.com, yepop.com"
39,zspqn.com,7,0.14285714285714285,"varev.com, bduln.com, eotvr.com, qxkqf.com, zjyat.com, vunsu.com, phxtw.com"
40,qzfdh.com,4,0.25,"zfwzt.com, eyopi.com, lhrcr.com, ajqwc.com"
41,vftld.com,2,0.5,"eotvr.com, phkwc.com"
42,lujlt.com,9,0.1111111111111111,"yvxts.com, vwxzo.com, gkjlh.com, mhilo.com, fxknm.com, itayg.com, gxlut.com, mcmih.com, owspq.com"
43,ywkvg.com,10,0.1,"vftld.com, wwhlw.com, ahyxj.com, drmii.com, mhilo.com, iisre.com, momir.com, osnpf.com, lujlt.com, azshl.com"
44,ukuni.com,10,0.1,"rmzkp.com, ksnwg.com, vgozh.com, luzza.com, uepvv.com, wazzc.com, cqqgb.com, nrret.com, qpbnw.com, pegbj.com"
45,dwxkp.com,9,0.1111111111111111,"lfvwq.com, qkaxl.com, hxdtu.com, ckuyf.com, bzila.com, sqfmo.com, byzhz.com, xgfuf.com, mymip.com"
46,obzso.com,5,0.2,"bdcgu.com, kiazm.com, ygchv.com, yrubt.com, qzruc.com"
47,ztfvm.com,10,0.1,"ttyod.com, lidsa.com, zihnx.com, zfnye.com, ggpoy.com, ncqfz.com, owspq.com, oxpvo.com, bfmxd.com, gtgcr.com"
48,fjtim.com,11,0.09090909090909091,"karoh.com, doewq.com, dumnf.com, soheg.com, zfgul.com, slkhq.com, avjkr.com, giqqx.com, ifbhd.com, rholu.com, ivyps.com"
49,dhafl.com,7,0.14285714285714285,"kcssw.com, zspqn.com, bvzcw.com, jpssf.com, dwxkp.com, gusnn.com, xjwwk.com"
50,bzila.com,18,0.05555555555555555,"epnpo.com, zjyat.com, yzqtt.com, enpxc.com, tbljv.com, eyopi.com, ormou.com, uepvv.com, gdsaz.com, lxnvj.com, ewstd.com, lidsa.com, ubmyk.com, mupye.com, wgdpn.com, pvxli.com, kizqb.com, chogp.com"
51,flkuy.com,9,0.1111111111111111,"kvrtm.com, ropcj.com, kibtq.com, otrph.com, gdsaz.com, xdnxo.com, ficjo.com, jpssf.com, ixcii.com"
52,hvsbs.com,2,0.5,"ewjsy.com, avjkr.com"
53,jftvn.com,14,0.07142857142857142,"mpvkm.com, pfvgc.com, pvxli.com, iebwl.com, xgyob.com, npcwl.com, wjyfp.com, zfwzt.com, shnkf.com, vopff.com, hmhnt.com, gytwx.com, qpbnw.com, vlqsj.com"
54,mzmvx.com,2,0.5,"nejxi.com, pfrns.com"
55,chogp.com,18,0.05555555555555555,"vlqsj.com, olksw.com, flkuy.com, daucj.com, lrtwo.com, arsie.com, xsheo.com, knpfy.com, nbrjd.com, obrjc.com, bcpqw.com, wazzc.com, aoxoa.com, ukuni.com, zqqeu.com, mbwln.com, eotvr.com, kzjvn.com"
56,gusnn.com,13,0.07692307692307693,"enpxc.com, byzhz.com, vunsu.com, aaqbk.com, iqegn.com, ncqfz.com, oecyl.com, wmxnm.com, fjfeu.com, xlotf.com, azcyt.com, ywkvg.com, sisnz.com"
57,iwnoa.com,6,0.16666666666666666,"sqfmo.com, wojdv.com, bvzcw.com, uziav.com, rvhtm.com, ppmgn.com"
58,pvirh.com,5,0.2,"azfnw.com, wojdv.com, phkwc.com, scnwd.com, nbfqw.com"
59,zceuc.com,4,0.25,"zfnye.com, ttyod.com, sjkgj.com, jfmds.com"
60,maqjz.com,1,1.0,zutpy.com
61,juwbx.com,2,0.5,"qezex.com, wigfq.com"
62,fzjxn.com,14,0.07142857142857142,"zbmuf.com, bduln.com, rlshr.com, bcpqw.com, bmrif.com, qxkqf.com, vfsdm.com, ormou.com, xlotf.com, fntrc.com, npcwl.com, ijlzk.com, tksjh.com, cptxb.com"
63,gbnko.com,4,0.25,"gyouo.com, ukuni.com, vwxzo.com, lujms.com"
64,fzfdj.com,4,0.25,"zajyz.com, qxkqf.com, lfvwq.com, zutpy.com"
65,kumcb.com,10,0.1,"scnwd.com, jamgp.com, iwnoa.com, tsker.com, sorpj.com, wazzc.com, qbfmh.com, ippdf.com, mbwln.com, nvxtt.com"
66,wazzc.com,8,0.125,"wrjdb.com, kibtq.com, wwgqa.com, oyvco.com, tbegh.com, mupye.com, gxcpa.com, oxpvo.com"
67,mcmih.com,8,0.125,"awrln.com, tgfax.com, kvwye.com, momir.com, fvkmp.com, drmii.com, sylxf.com, epnpo.com"
68,wvpdo.com,5,0.2,"aurpl.com, adbze.com, sgjib.com, umpuv.com, slkhq.com"
69,ccgan.com,6,0.16666666666666666,"tbegh.com, kzjvn.com, fzjxn.com, lujms.com, bfmxd.com, qrflu.com"
70,bmdvu.com,26,0.038461538461538464,"nbprc.com, ymfog.com, tflyz.com, lwgir.com, hdnuh.com, uuzda.com, czayb.com, zceuc.com, dhsqr.com, htghr.com, ksnwg.com, kzjvn.com, qbfmh.com, ifbhd.com, osnpf.com, ukuni.com, rkydw.com, wbceg.com, sylxf.com, oecyl.com, iisre.com, rholu.com, kxbqr.com, bcpqw.com, gudhj.com, qrflu.com"
71,qajxa.com,10,0.1,"houmo.com, ajqbb.com, pcmxg.com, kphlb.com, adbze.com, rkydw.com, rvhtm.com, hsksl.com, oyvco.com, azshl.com"
72,ebsud.com,10,0.1,"dtzeo.com, prqvj.com, sqfmo.com, lndec.com, lwgir.com, sthal.com, yoihc.com, ywkvg.com, mpvkm.com, jftvn.com"
73,whvrk.com,19,0.05263157894736842,"drmii.com, byqms.com, nrret.com, ngjui.com, fjfeu.com, pfrns.com, nejxi.com, yepop.com, oopcs.com, cptxb.com, sqfmo.com, oheta.com, oopcs.com, pegbj.com, kdzsj.com, momir.com, ksnwg.com, iqvfu.com, scnwd.com"
74,lcvmk.com,3,0.3333333333333333,"slefa.com, zjyat.com, hmdja.com"
75,wmxnm.com,1,1.0,aurpl.com
76,sqdst.com,13,0.07692307692307693,"oxpvo.com, upqbf.com, ltfcu.com, vfnhm.com, wbceg.com, xlotf.com, haxoy.com, unhog.com, hmpoz.com, yzgip.com, ywkvg.com, pnwoq.com, ficjo.com"
77,rkydw.com,8,0.125,"wazzc.com, gnxoa.com, sjkgj.com, yzqtt.com, kvrtm.com, vmbtm.com, gbnko.com, chogp.com"
78,fsbny.com,8,0.125,"rukce.com, zihnx.com, gdsaz.com, vfsdm.com, afmoo.com, qgvou.com, ivyps.com, iyyxy.com"
79,iqegn.com,4,0.25,"ykdty.com, mpaug.com, hdnuh.com, ppbbo.com"
80,awkpj.com,8,0.125,"rkufb.com, izqjp.com, ippdf.com, xbyvn.com, avboo.com, ajqbb.com, yepop.com, flpkb.com"
81,nupeb.com,6,0.16666666666666666,"afwzc.com, imtuu.com, oonee.com, owspq.com, obrjc.com, ckuyf.com"
82,jgmna.com,4,0.25,"mupye.com, vwxzo.com, yzqtt.com, gzqyt.com"
83,ebcha.com,7,0.14285714285714285,"lixcg.com, axhul.com, vsknp.com, aurpl.com, ewstd.com, voidb.com, gevvg.com"
84,zbmuf.com,12,0.08333333333333333,"shnkf.com, bdfld.com, dhsqr.com, zuwrq.com, slefa.com, cdzek.com, uuzda.com, tbljv.com, ukuni.com, olbww.com, qzwve.com, oyvco.com"
85,wrjdb.com,9,0.1111111111111111,"awvwa.com, kifdu.com, swyys.com, vzans.com, pegbj.com, znhnz.com, whvrk.com, exaxl.com, dhafl.com"
86,pfrns.com,1,1.0,vwxzo.com
87,enpmu.com,27,0.037037037037037035,"mkdrp.com, mtrjb.com, gytwx.com, dwxkp.com, tbegh.com, gtgcr.com, zbmuf.com, jpssf.com, zbmuf.com, mrlbe.com, wvpdo.com, utwin.com, qxkqf.com, houmo.com, iyavk.com, rkydw.com, ygchv.com, lwgir.com, ounoe.com, bdfld.com, dyxtu.com, xgfuf.com, ujcbk.com, kehdh.com, tflyz.com, nvxtt.com, pdfev.com"
88,gdsaz.com,2,0.5,"pruvg.com, gyouo.com"
89,kzjvn.com,5,0.2,"kumcb.com, nbfqw.com, uugvw.com, ewstd.com, hxdtu.com"
90,szjle.com,4,0.25,"kwxfk.com, oecyl.com, ambsh.com, awkpj.com"
91,kkqdz.com,23,0.043478260869565216,"pegbj.com, ppbbo.com, izavw.com, sgjib.com, aepho.com, eotvr.com, ormou.com, nejxi.com, pbfpo.com, rlshr.com, shots.com, zfnye.com, xykym.com, bduln.com, kgdme.com, slkhq.com, bzila.com, evrnn.com, mymip.com, kibtq.com, wjyfp.com, uuzda.com, zdbwm.com"
92,drmii.com,6,0.16666666666666666,"lcvmk.com, xcpcr.com, haxoy.com, mtwwy.com, lidsa.com, nbrjd.com"
93,qkaxl.com,27,0.037037037037037035,"kaiyv.com, tbljv.com, vfnhm.com, ccgan.com, iyyxy.com, vblty.com, uugvw.com, iturd.com, nymff.com, czjan.com, fzfdj.com, imiex.com, gusnn.com, qzejm.com, ydqwp.com, zqqeu.com, tbljv.com, chogp.com, slkhq.com, aqzug.com, gevvg.com, yvxts.com, luzza.com, uapje.com, vrcti.com, pyisk.com, soheg.com"
94,zfgul.com,9,0.1111111111111111,"unhog.com, vmbtm.com, giqqx.com, znhnz.com, gdsaz.com, ghdby.com, phmyp.com, cqqgb.com, mpvkm.com"
95,shnkf.com,15,0.06666666666666667,"htunv.com, epnpo.com, xldin.com, avjkr.com, wazzc.com, ltfcu.com, tfcza.com, olksw.com, ixcii.com, iwnoa.com, byzhz.com, zihnx.com, ttyod.com, iqegn.com, rlnxp.com"
96,ldybc.com,7,0.14285714285714285,"ctqdl.com, htghr.com, aepho.com, pfvgc.com, kibtq.com, dumnf.com, qajxa.com"
97,rlnxp.com,13,0.07692307692307693,"gusnn.com, hmdja.com, hmdja.com, jsccf.com, xgfuf.com, gbnko.com, voidb.com, ggpoy.com, gnxoa.com, mgknm.com, obrjc.com, ficjo.com, gzqyt.com"
98,qpbnw.com,20,0.05,"mpaug.com, juwbx.com, mcmih.com, zfgul.com, yepop.com, oopcs.com, yvxts.com, arsie.com, szjle.com, ccgan.com, vzans.com, qrflu.com, fcnbq.com, whvrk.com, zihnx.com, xnaha.com, phkwc.com, utwin.com, yubno.com, lhrcr.com"
99,lfvwq.com,2,0.5,"eltna.com, lbhoi.com"
100,qbfmh.com,10,0.1,"njbzq.com, iwnoa.com, xsheo.com, gudhj.com, xzpds.com, owspq.com, yubno.com, zspqn.com, nupeb.com, hfwbr.com"
101,btebw.com,20,0.05,"rlnxp.com, bzila.com, ixcii.com, arsie.com, oxrrm.com, shnkf.com, gdsaz.com, aymph.com, sbjek.com, jamgp.com, cxwsv.com, phxtw.com, bvzcw.com, sgjib.com, hvsbs.com, kjxpr.com, pdfev.com, pdfev.com, pegbj.com, cpzed.com"
102,qgvou.com,4,0.25,"yrubt.com, enpxc.com, ngjui.com, voidb.com"
103,vunsu.com,7,0.14285714285714285,"cdixj.com, uasmf.com, wvpdo.com, pegbj.com, pvirh.com, awvwa.com, xzpds.com"
104,mtwwy.com,7,0.14285714285714285,"hmhnt.com, kibtq.com, hdnuh.com, gevvg.com, nkqhg.com, glrbv.com, daucj.com"
105,ropcj.com,13,0.07692307692307693,"nvxtt.com, obzso.com, fcnbq.com, sksaq.com, ydklw.com, htghr.com, vgoah.com, mpvkm.com, tgfax.com, htghr.com, kjxpr.com, kibtq.com, obltl.com"
106,houmo.com,1,1.0,ztfvm.com
107,kvwye.com,30,0.03333333333333333,"avboo.com, wymfe.com, kgdme.com, bdcgu.com, sgjib.com, jfmds.com, afmoo.com, lieid.com, fntrc.com, ykdty.com, jiyjp.com, tbljv.com, qzejm.com, pfrns.com, tgfax.com, cptxb.com, vrcti.com, mupye.com, eyopi.com, qgqav.com, tqixn.com, houmo.com, daucj.com, qbfmh.com, xjwwk.com, uasnp.com, aaqbk.com, juwbx.com, umpuv.com, aaqbk.com"
108,sgjib.com,13,0.07692307692307693,"lidsa.com, wazzc.com, svduj.com, qkaxl.com, awrln.com, vlqsj.com, vwxzo.com, nttqc.com, unhog.com, kphlb.com, mpvkm.com, zrkqs.com, hmpoz.com"
109,ehqme.com,8,0.125,"kkqdz.com, vunsu.com, awkpj.com, hkjan.com, kxbqr.com, dhafl.com, rysig.com, wazzc.com"
110,pegbj.com,7,0.14285714285714285,"sksaq.com, bfuew.com, xldin.com, lixcg.com, wojdv.com, qzruc.com, nrret.com"
111,svduj.com,4,0.25,"pfqan.com, vsknp.com, jdbcc.com, rtmid.com"
112,iturd.com,28,0.03571428571428571,"soheg.com, ywkvg.com, zuwrq.com, mymip.com, sqfmo.com, wwgqa.com, ficjo.com, unhog.com, frqvy.com, kehdh.com, swyys.com, btebw.com, mbwln.com, ghdby.com, ajqwc.com, tdfwb.com, ounoe.com, ambsh.com, karoh.com, aaqbk.com, alxkl.com, wctav.com, upqbf.com, ehqme.com, byzhz.com, chogp.com, nwoxw.com, drmii.com"
113,xgyob.com,7,0.14285714285714285,"kxbqr.com, scnwd.com, fsbny.com, dhsqr.com, vmbtm.com, phmyp.com, mgknm.com"
114,moobj.com,17,0.058823529411764705,"gdsaz.com, yepop.com, sgjib.com, ifpbe.com, htghr.com, gytwx.com, nadix.com, ppmgn.com, exaxl.com, ykdty.com, aojar.com, tqixn.com, kyxql.com, szblj.com, iyavk.com, hdnuh.com, srwrn.com"
115,avboo.com,8,0.125,"ydqwp.com, osnpf.com, pcmxg.com, qxkqf.com, ivyps.com, toqth.com, fptin.com, fsbny.com"
116,kjxpr.com,3,0.3333333333333333,"wwhlw.com, cbfdo.com, ctqdl.com"
117,aymph.com,8,0.125,"hfwbr.com, nejxi.com, czayb.com, yrubt.com, obzso.com, zspqn.com, olbww.com, unhog.com"
118,nttqc.com,7,0.14285714285714285,"hmpoz.com, moawp.com, oopcs.com, nrret.com, avboo.com, zfnye.com, xykym.com"
119,bcpqw.com,30,0.03333333333333333,"iebwl.com, vwxzo.com, cxwsv.com, wazzc.com, zfgul.com, kzjvn.com, yvxts.com, zdbwm.com, rfubl.com, nwoxw.com, enpxc.com, wwgqa.com, jfmds.com, pepic.com, gzqyt.com, wjyfp.com, wymfe.com, ijlzk.com, qgvou.com, hmdja.com, pbfpo.com, zihnx.com, ficjo.com, azcyt.com, zkhsm.com, enpmu.com, byqms.com, tbegh.com, yubno.com, ctqdl.com"
120,otyol.com,2,0.5,"kdzsj.com, npcwl.com"
121,uybcd.com,4,0.25,"otrph.com, flpkb.com, bfmxd.com, ldybc.com"
122,ixcii.com,3,0.3333333333333333,"afwzc.com, umpuv.com, momir.com"
123,nymff.com,3,0.3333333333333333,"kpbtq.com, wwgqa.com, lieid.com"
124,lnset.com,10,0.1,"gtgcr.com, vxybc.com, mymip.com, nwoxw.com, gkjlh.com, hmhnt.com, bcpqw.com, nttqc.com, cbfdo.com, hmpoz.com"
125,sqfmo.com,17,0.058823529411764705,"nadix.com, lujms.com, exaxl.com, szblj.com, eotvr.com, lwqpa.com, fxknm.com, joaqq.com, nwoxw.com, mzmvx.com, bzblj.com, xjwwk.com, uugvw.com, aeson.com, mubpr.com, cdzek.com, ijlzk.com"
126,zqqeu.com,2,0.5,"ikiwz.com, hdnuh.com"
127,wwhlw.com,19,0.05263157894736842,"souzg.com, etsxj.com, dhafl.com, alxkl.com, ropcj.com, vxybc.com, rlnxp.com, lidsa.com, ewstd.com, uutie.com, nkqhg.com, rmzkp.com, iiljv.com, llkbh.com, pegbj.com, rhkxf.com, ixcii.com, ckuyf.com, qgvou.com"
128,vfnhm.com,9,0.1111111111111111,"kyxql.com, fpvwm.com, kdpok.com, ounoe.com, wgdpn.com, dhsqr.com, uyeoe.com, bfuew.com, dwxkp.com"
129,lxnvj.com,5,0.2,"lbhoi.com, swyys.com, mpaug.com, eaxyc.com, obrjc.com"
130,tbljv.com,25,0.04,"vbjwe.com, izqjp.com, cfgnf.com, zxzla.com, enpto.com, kaiyv.com, pfrns.com, scnwd.com, kizqb.com, xsheo.com, iyyxy.com, hkwzd.com, hlmgd.com, qzruc.com, nwoxw.com, vrcti.com, ccgan.com, kumcb.com, evrnn.com, pxbcv.com, fxknm.com, cqxge.com, iiljv.com, xcbiw.com, owspq.com"
131,fvkmp.com,9,0.1111111111111111,"alxkl.com, szblj.com, vbjwe.com, wfnwb.com, czjan.com, pyisk.com, zspqn.com, zutpy.com, eyqzl.com"
132,phkwc.com,5,0.2,"qzruc.com, pethe.com, oxgvl.com, qpzew.com, upqbf.com"
133,gxlut.com,8,0.125,"pfrns.com, iwnoa.com, zfnye.com, lhrcr.com, qxkqf.com, gmvyi.com, qpzew.com, rholu.com"
134,qpxiq.com,14,0.07142857142857142,"eyopi.com, fzjxn.com, haxoy.com, dwxkp.com, inxle.com, tsker.com, kumcb.com, rysig.com, jjtff.com, afmoo.com, sjkgj.com, ilxxq.com, wqfek.com, vbjwe.com"
135,wwgqa.com,8,0.125,"mgknm.com, ubmyk.com, aqsyz.com, oecyl.com, jzflt.com, sgjib.com, rvhtm.com, nkqhg.com"
136,doewq.com,1,1.0,qpzew.com
137,prqvj.com,7,0.14285714285714285,"kphlb.com, olbww.com, ogppi.com, kwxfk.com, wymfe.com, qbfmh.com, wojdv.com"
138,lhrcr.com,7,0.14285714285714285,"phmyp.com, yzgip.com, sisnz.com, iwnoa.com, mbwln.com, unhog.com, aqsyz.com"
139,kwxfk.com,10,0.1,"phxtw.com, zkhsm.com, kpbtq.com, enpto.com, swyys.com, qpzew.com, lrcxw.com, ogppi.com, xykym.com, gytwx.com"
140,lidsa.com,9,0.1111111111111111,"vaxcm.com, kvrtm.com, gusnn.com, qgvou.com, jfmds.com, phxtw.com, htghr.com, houmo.com, zfnye.com"
141,lwgir.com,19,0.05263157894736842,"yoihc.com, aeson.com, iturd.com, gyupf.com, rkufb.com, pdfev.com, nupeb.com, gudhj.com, ounoe.com, dhsqr.com, uasmf.com, shnkf.com, umpuv.com, bvzcw.com, umpuv.com, rysig.com, uutie.com, vaclx.com, sorpj.com"
142,rkufb.com,3,0.3333333333333333,"jpssf.com, ogpov.com, azcyt.com"
143,epnpo.com,18,0.05555555555555555,"kizqb.com, hmhnt.com, pvirh.com, qpbnw.com, kumcb.com, ambsh.com, lndec.com, eaxyc.com, ajqwc.com, llkbh.com, cskpo.com, mzmvx.com, fvkmp.com, vsknp.com, sbjek.com, adbze.com, aoxoa.com, qzfdh.com"
144,fntrc.com,12,0.08333333333333333,"unhog.com, mkdrp.com, otrph.com, ogrvn.com, vwxzo.com, lcvmk.com, gzqyt.com, ikiwz.com, czjan.com, mpvkm.com, rkufb.com, xzpds.com"
145,xjwwk.com,6,0.16666666666666666,"zfwzt.com, vwxzk.com, kkqdz.com, dhsqr.com, fxrpr.com, ifbhd.com"
146,aagqj.com,1,1.0,qbfmh.com
147,dxqae.com,11,0.09090909090909091,"kgdme.com, kdpok.com, swyys.com, slizn.com, kxbqr.com, lfvwq.com, dalbn.com, kizqb.com, pcmxg.com, azshl.com, gkjlh.com"
148,nbfqw.com,27,0.037037037037037035,"tdfwb.com, vwxzo.com, qpbnw.com, swyys.com, soheg.com, gxcpa.com, oopcs.com, vmbtm.com, kyxql.com, ncqfz.com, dnlej.com, zihnx.com, slkhq.com, jftvn.com, aojar.com, qpxiq.com, nymff.com, mrlbe.com, hmdja.com, pepic.com, lcvmk.com, mubpr.com, kvrtm.com, nymff.com, pepic.com, tflyz.com, ajqwc.com"
149,jsccf.com,7,0.14285714285714285,"scyby.com, kwxfk.com, dtzeo.com, rkufb.com, cxwsv.com, zspqn.com, kpbtq.com"
150,oheta.com,3,0.3333333333333333,"vwxzk.com, mhilo.com, ydqwp.com"
151,ficjo.com,1,1.0,nkqhg.com
152,kwljx.com,20,0.05,"kjxpr.com, shnkf.com, kizqb.com, kifdu.com, enpxc.com, mubpr.com, iyyxy.com, vopff.com, mldal.com, dkzpf.com, mtrjb.com, izavw.com, rvhtm.com, phxtw.com, vload.com, azfnw.com, vwxzo.com, kaiyv.com, phxtw.com, upqbf.com"
153,ewjsy.com,4,0.25,"uuzda.com, hfual.com, kkqdz.com, sjkgj.com"
154,cfgnf.com,4,0.25,"oopcs.com, otjfm.com, wojdv.com, prqvj.com"
155,zdbwm.com,25,0.04,"lcvmk.com, soheg.com, gusnn.com, mrlbe.com, htghr.com, lixcg.com, hxdtu.com, xldin.com, owspq.com, zspqn.com, umpuv.com, oonee.com, ebcha.com, gxcpa.com, jcmwa.com, qxkqf.com, vxybc.com, osnpf.com, ivyps.com, fjtim.com, kehdh.com, byhir.com, bzblj.com, cpzed.com, giqqx.com"
156,sbjek.com,30,0.03333333333333333,"afwzc.com, nbprc.com, bdfld.com, xldin.com, rukce.com, lnset.com, sylxf.com, zihnx.com, nkqhg.com, mldal.com, cxwsv.com, ccgan.com, xcpcr.com, yubno.com, yvxts.com, kyxql.com, phkwc.com, daucj.com, azshl.com, giqqx.com, byzhz.com, adbze.com, moawp.com, gyupf.com, xbyvn.com, zbmuf.com, etsxj.com, cqxge.com, zuwrq.com, qkaxl.com"
157,htunv.com,4,0.25,"llkbh.com, kwljx.com, hmpoz.com, mubpr.com"
158,xcbiw.com,12,0.08333333333333333,"zspqn.com, ficjo.com, flpkb.com, chogp.com, hfwbr.com, mnpny.com, ifpbe.com, fpvwm.com, sorpj.com, tksjh.com, qngeo.com, kizqb.com"
159,awvwa.com,1,1.0,pfvgc.com
160,wbceg.com,2,0.5,"wazzc.com, sisnz.com"
161,mtrjb.com,17,0.058823529411764705,"momir.com, kcssw.com, lwqpa.com, jjtff.com, iyavk.com, flkuy.com, sqdst.com, kgdme.com, lnset.com, alxkl.com, moawp.com, kwljx.com, giqqx.com, vuohx.com, jftvn.com, kvrtm.com, uepvv.com"
162,ilxxq.com,5,0.2,"ahyxj.com, otrph.com, nupeb.com, aagqj.com, ehqme.com"
163,bmrif.com,2,0.5,"sgjib.com, phxtw.com"
164,bfmxd.com,3,0.3333333333333333,"prqvj.com, vxybc.com, hdnuh.com"
165,jpssf.com,2,0.5,"wbceg.com, enpto.com"
166,byqms.com,10,0.1,"jfmds.com, gyupf.com, bdfld.com, hsksl.com, maqjz.com, nvxtt.com, cskpo.com, uepvv.com, dhafl.com, dnlej.com"
167,yzqtt.com,6,0.16666666666666666,"wgdpn.com, dalbn.com, vopff.com, kcssw.com, vwxzo.com, eaxyc.com"
168,qzejm.com,6,0.16666666666666666,"ukuni.com, hkjan.com, xzpds.com, afmoo.com, cbfdo.com, ztfvm.com"
169,azcyt.com,25,0.04,"bvzcw.com, fcnbq.com, nymff.com, hlmgd.com, fxrpr.com, gnxoa.com, enpto.com, enpto.com, oonee.com, kvwye.com, gevvg.com, rlnxp.com, ovzaw.com, htunv.com, xykym.com, itayg.com, wwhlw.com, sisnz.com, soheg.com, bduln.com, gkjlh.com, pcmxg.com, mzmvx.com, cdzek.com, otrph.com"
170,lrcxw.com,10,0.1,"urewr.com, kzjvn.com, ogrvn.com, aeson.com, enpxc.com, qajxa.com, aepho.com, ewjsy.com, ltfcu.com, qhndc.com"
171,hkjan.com,8,0.125,"izqjp.com, xjwwk.com, bmrif.com, nupeb.com, mnpny.com, juwbx.com, juelg.com, jlatt.com"
172,szblj.com,16,0.0625,"byqms.com, cqkjd.com, qkaxl.com, yykch.com, vaxcm.com, kwljx.com, gytwx.com, cptxb.com, yzgip.com, eyqzl.com, hmpoz.com, qgqav.com, oecyl.com, adbze.com, ifpbe.com, lrcxw.com"
173,nwoxw.com,18,0.05555555555555555,"pegbj.com, qhndc.com, mcmih.com, jqttf.com, imtuu.com, vwxzo.com, qhndc.com, wojdv.com, wvpdo.com, rvhtm.com, adbze.com, xsheo.com, ifpbe.com, xjwwk.com, pfqan.com, flpkb.com, cskpo.com, ncqfz.com"
174,utwin.com,18,0.05555555555555555,"frqvy.com, qzruc.com, uugvw.com, lieid.com, lfvwq.com, zutpy.com, qxkqf.com, eaxyc.com, pepic.com, kizqb.com, zkhsm.com, mcmih.com, wigfq.com, exaxl.com, zjyat.com, aymph.com, ttyod.com, kehdh.com"
175,rukce.com,6,0.16666666666666666,"cdixj.com, ormou.com, kgdme.com, nttqc.com, enpto.com, wigfq.com"
176,yepop.com,7,0.14285714285714285,"rukce.com, qrflu.com, wmxnm.com, kzjvn.com, rlnxp.com, lwgir.com, pfvgc.com"
177,oxgvl.com,3,0.3333333333333333,"npcwl.com, zbmuf.com, vbjwe.com"
178,ogppi.com,25,0.04,"tksjh.com, tsker.com, jpssf.com, vaxcm.com, aepho.com, ewstd.com, sisnz.com, qpbnw.com, uuzda.com, mcmih.com, iyavk.com, avboo.com, tshgl.com, slefa.com, mgknm.com, drmii.com, njbzq.com, bzblj.com, bzila.com, qajxa.com, whvrk.com, lwgir.com, zqqeu.com, mymip.com, aaqbk.com"
179,xaycj.com,9,0.1111111111111111,"haxoy.com, drmii.com, dhsqr.com, zxzla.com, rlnxp.com, gtgcr.com, npcwl.com, mymip.com, wazzc.com"
180,vgozh.com,10,0.1,"rysig.com, jdbcc.com, ivyps.com, dwxkp.com, iisre.com, awrln.com, afmoo.com, qbfmh.com, xpnql.com, ymfog.com"
181,yoihc.com,7,0.14285714285714285,"azcyt.com, dtzeo.com, tgfax.com, qpbnw.com, rholu.com, xpnql.com, qgvou.com"
182,fxknm.com,7,0.14285714285714285,"kwljx.com, uziav.com, lujlt.com, rysig.com, urewr.com, lrtwo.com, kpbtq.com"
183,vxybc.com,19,0.05263157894736842,"enpxc.com, srwrn.com, xdnxo.com, nkqhg.com, vwxzo.com, aoxoa.com, avboo.com, oecyl.com, wmxnm.com, sylxf.com, gyupf.com, gusnn.com, kgdme.com, eotvr.com, xaycj.com, nkqhg.com, sksaq.com, lndec.com, ogpov.com"
184,awrln.com,9,0.1111111111111111,"ebsud.com, gzqyt.com, pnwoq.com, svduj.com, cqxge.com, njbzq.com, umpuv.com, mymip.com, nvxtt.com"
185,qziqe.com,6,0.16666666666666666,"kdzsj.com, cbfdo.com, varev.com, eyqzl.com, nymff.com, hmhnt.com"
186,oopcs.com,4,0.25,"ccgan.com, xlotf.com, kizqb.com, vload.com"
187,hmhnt.com,17,0.058823529411764705,"pvirh.com, gkjlh.com, cpzed.com, daucj.com, ogpov.com, oxgvl.com, gyouo.com, ewstd.com, htghr.com, aaqbk.com, ebsud.com, vbjwe.com, fntrc.com, azcyt.com, hlmgd.com, xsheo.com, jmemc.com"
188,uasnp.com,18,0.05555555555555555,"pvxli.com, ngjui.com, fpvwm.com, svduj.com, niqpm.com, hkjan.com, yykch.com, xzpds.com, mtwwy.com, olbww.com, hxdtu.com, shots.com, kcssw.com, lrtwo.com, aojar.com, ggpoy.com, doewq.com, pbfpo.com"
189,oxrrm.com,1,1.0,fpvwm.com
190,aojar.com,6,0.16666666666666666,"inxle.com, iwnoa.com, zfwzt.com, ogrvn.com, hkjan.com, wmxnm.com"
191,zajyz.com,15,0.06666666666666667,"fcnbq.com, pepic.com, llkbh.com, bmrif.com, kphlb.com, osnpf.com, vbjwe.com, tsker.com, ncqfz.com, obrjc.com, ormou.com, cdixj.com, wigfq.com, shots.com, qzwve.com"
192,arsie.com,1,1.0,yepop.com
193,tqixn.com,3,0.3333333333333333,"kumcb.com, avboo.com, ajqbb.com"
194,hdnuh.com,9,0.1111111111111111,"qajxa.com, dyxvc.com, ltfcu.com, ogpov.com, lieid.com, lcvmk.com, kcssw.com, umpuv.com, kwxfk.com"
195,wwzty.com,29,0.034482758620689655,"iwnoa.com, otjfm.com, gytwx.com, eyqzl.com, obltl.com, aqzug.com, juelg.com, daucj.com, lujms.com, pethe.com, mrlbe.com, ujcbk.com, zxzla.com, pdfev.com, bdfld.com, yzgip.com, dyxvc.com, soheg.com, pyisk.com, niqpm.com, cqkjd.com, ebcha.com, aagqj.com, juwbx.com, llkbh.com, zuwrq.com, evrnn.com, ncqfz.com, wbceg.com"
196,uyeoe.com,4,0.25,"uziav.com, phkwc.com, bduln.com, njbzq.com"
197,hsksl.com,17,0.058823529411764705,"enpto.com, lfvwq.com, fpvwm.com, tksjh.com, soheg.com, vsknp.com, dhsqr.com, pegbj.com, avjkr.com, axhul.com, htunv.com, kifdu.com, wymfe.com, wvpdo.com, iwnoa.com, qzejm.com, zbmuf.com"
198,wymfe.com,4,0.25,"lxnvj.com, qajxa.com, dhsqr.com, ifpbe.com"
199,joaqq.com,8,0.125,"otyol.com, zfnye.com, dyxvc.com, tgfax.com, pegbj.com, njbzq.com, ewjsy.com, kvwye.com"
200,dalbn.com,4,0.25,"nbprc.com, azshl.com, byhir.com, lbhoi.com"
201,gnxoa.com,6,0.16666666666666666,"zqqeu.com, ehqme.com, xgfuf.com, llkbh.com, nkqhg.com, hkwzd.com"
202,xbyvn.com,28,0.03571428571428571,"mzmvx.com, vwxzo.com, ybgfv.com, zbmuf.com, giqqx.com, izavw.com, jiyjp.com, qziqe.com, vopff.com, ppmgn.com, chogp.com, zxifw.com, vaxcm.com, rlfso.com, tflyz.com, ajqwc.com, hlmgd.com, nejxi.com, joaqq.com, zjyat.com, ropcj.com, myljp.com, fhlxq.com, soheg.com, chogp.com, imiex.com, zphrs.com, ncqfz.com"
203,xcpcr.com,7,0.14285714285714285,"pruvg.com, bduln.com, niqpm.com, zbmuf.com, obzso.com, pcmxg.com, pcmxg.com"
204,tksjh.com,9,0.1111111111111111,"wbceg.com, pruvg.com, vgoah.com, zdbwm.com, ywkvg.com, zfnye.com, itayg.com, tgfax.com, ztfvm.com"
205,qngeo.com,8,0.125,"pdfev.com, zfnye.com, lujlt.com, cqqgb.com, gxcpa.com, oxgvl.com, enpmu.com, imiex.com"
206,bduln.com,10,0.1,"tpeid.com, mpaug.com, vfsdm.com, bcpqw.com, knpfy.com, ficjo.com, kwljx.com, juelg.com, ewstd.com, ywkvg.com"
207,tsker.com,12,0.08333333333333333,"rkydw.com, unhog.com, hfual.com, bzila.com, gmvyi.com, adbze.com, kumcb.com, qgvou.com, azcyt.com, ghlft.com, eyqzl.com, wctav.com"
208,frqvy.com,11,0.09090909090909091,"kifdu.com, kwljx.com, zxzla.com, ppmgn.com, tgfax.com, dyxvc.com, adbze.com, iqegn.com, vuohx.com, kzjvn.com, uugvw.com"
209,enpto.com,16,0.0625,"iqvfu.com, hsksl.com, zfwzt.com, ngjui.com, pbfpo.com, whvrk.com, cdzek.com, cxwsv.com, wbceg.com, evrnn.com, rtmid.com, fsbny.com, fhlxq.com, cdzek.com, izqjp.com, qbfmh.com"
210,jlatt.com,12,0.08333333333333333,"doewq.com, gevvg.com, mcmih.com, btebw.com, eyqzl.com, ormou.com, eyqzl.com, cqkjd.com, azfnw.com, ambsh.com, mkdrp.com, byhir.com"
211,pethe.com,7,0.14285714285714285,"rysig.com, lidsa.com, hkwzd.com, qbfmh.com, obzso.com, ilxxq.com, wctav.com"
212,aurpl.com,5,0.2,"kjxpr.com, wqfek.com, qngeo.com, olbww.com, fxknm.com"
213,eyqzl.com,7,0.14285714285714285,"qhndc.com, lixcg.com, kiazm.com, ifbhd.com, ujcbk.com, zbmuf.com, rukce.com"
214,ydklw.com,8,0.125,"ghdby.com, lwqpa.com, enpto.com, pfrns.com, jlatt.com, doewq.com, yrubt.com, inxle.com"
215,jfmds.com,6,0.16666666666666666,"ghdby.com, qxkqf.com, axhul.com, ifbhd.com, yoihc.com, pbfpo.com"
216,slkhq.com,11,0.09090909090909091,"xjwwk.com, vblty.com, nrret.com, aqsyz.com, sorpj.com, kkqdz.com, bvzcw.com, srwrn.com, ippdf.com, moobj.com, kyxql.com"
217,wigfq.com,4,0.25,"dtzeo.com, slefa.com, arsie.com, karoh.com"
218,sthal.com,7,0.14285714285714285,"ounoe.com, rmzkp.com, pnwoq.com, jcmwa.com, xldin.com, htunv.com, tbljv.com"
219,lixcg.com,3,0.3333333333333333,"jqttf.com, kifdu.com, vsknp.com"
220,lndec.com,9,0.1111111111111111,"inxle.com, uuzda.com, vftld.com, ghdby.com, hsksl.com, jcmwa.com, plxxi.com, mrlbe.com, smvcx.com"
221,etsxj.com,17,0.058823529411764705,"qxkqf.com, wbceg.com, fjtim.com, jjtff.com, aurpl.com, qzejm.com, qpxiq.com, zfnye.com, vxybc.com, kyxql.com, vgoah.com, vzans.com, oheta.com, olbww.com, wctav.com, ropcj.com, tdfwb.com"
222,hxdtu.com,9,0.1111111111111111,"xcpcr.com, hdnuh.com, aagqj.com, nvxtt.com, zfwzt.com, cqxge.com, lbhoi.com, vgozh.com, shots.com"
223,zkhsm.com,3,0.3333333333333333,"inxle.com, glrbv.com, plxxi.com"
224,ogpov.com,24,0.041666666666666664,"tksjh.com, pdfev.com, knpfy.com, iyyxy.com, osnpf.com, urewr.com, cskpo.com, aagqj.com, vwxzk.com, qpbnw.com, oheta.com, fvkmp.com, vgozh.com, rlfso.com, karoh.com, cbfdo.com, varev.com, otyol.com, xbyvn.com, ormou.com, uziav.com, obrjc.com, pyisk.com, rvhtm.com"
225,pbfpo.com,11,0.09090909090909091,"ctqdl.com, rkufb.com, lwqpa.com, avboo.com, qbfmh.com, hmpoz.com, jmemc.com, ovzaw.com, qhndc.com, cbfdo.com, qgqav.com"
226,azfnw.com,27,0.037037037037037035,"qxkqf.com, yzgip.com, eotvr.com, bmdvu.com, qgvou.com, cfgnf.com, qpzew.com, otyol.com, yrubt.com, lndec.com, imtuu.com, mhilo.com, fzfdj.com, sthal.com, jpssf.com, xldin.com, cdzek.com, azcyt.com, ksnwg.com, ldybc.com, qzejm.com, zxzla.com, umpuv.com, slefa.com, vucmq.com, vblty.com, vunsu.com"
227,ippdf.com,18,0.05555555555555555,"epnpo.com, uuzda.com, arsie.com, aeson.com, dnlej.com, xsheo.com, joaqq.com, qgvou.com, nvxtt.com, obrjc.com, gtgcr.com, hvsbs.com, cbfdo.com, eotvr.com, hkwzd.com, rlfso.com, njbzq.com, nrret.com"
228,byzhz.com,22,0.045454545454545456,"ogrvn.com, hkjan.com, aqsyz.com, enpxc.com, obrjc.com, otjfm.com, qngeo.com, hvsbs.com, byqms.com, uapje.com, htghr.com, pbfpo.com, iiljv.com, jgmna.com, rmzkp.com, xcpcr.com, zbmuf.com, giqqx.com, uuzda.com, wwzty.com, njbzq.com, oxpvo.com"
229,fjfeu.com,4,0.25,"gevvg.com, wwhlw.com, juwbx.com, lxnvj.com"
230,phmyp.com,10,0.1,"sjkgj.com, epnpo.com, kxbqr.com, oxgvl.com, vgozh.com, izqjp.com, sgjib.com, hfwbr.com, rukce.com, aepho.com"
231,jzflt.com,9,0.1111111111111111,"lrtwo.com, pvxli.com, gxcpa.com, uybcd.com, itayg.com, hmhnt.com, yzqtt.com, sbjek.com, rfubl.com"
232,pruvg.com,20,0.05,"wgdpn.com, qziqe.com, xsheo.com, chogp.com, bduln.com, bfmxd.com, obrjc.com, lieid.com, gkjlh.com, gusnn.com, aurpl.com, fhlxq.com, dnlej.com, rukce.com, fzjxn.com, qpbnw.com, swyys.com, adbze.com, sthal.com, mrlbe.com"
233,pfvgc.com,8,0.125,"pdfev.com, aepho.com, nuygl.com, slizn.com, ilxxq.com, eaxyc.com, aojar.com, glrbv.com"
234,afmoo.com,10,0.1,"hmhnt.com, mtint.com, aeson.com, vblty.com, frqvy.com, qpxiq.com, vload.com, scnwd.com, cskpo.com, zfwzt.com"
235,htghr.com,3,0.3333333333333333,"ahyxj.com, ctqdl.com, kjxpr.com"
236,kxbqr.com,4,0.25,"kwljx.com, otjfm.com, nupeb.com, dhsqr.com"
237,wkiwa.com,6,0.16666666666666666,"iqvfu.com, ghdby.com, izavw.com, mhilo.com, ritwi.com, xsheo.com"
238,tpeid.com,14,0.07142857142857142,"fxknm.com, czayb.com, fxknm.com, utwin.com, ygchv.com, arsie.com, awvwa.com, byhir.com, fzjxn.com, evrnn.com, tksjh.com, olksw.com, zdbwm.com, nadix.com"
239,jcmwa.com,10,0.1,"vwxzo.com, iwnoa.com, uybcd.com, bfmxd.com, cqkjd.com, qhndc.com, tpeid.com, scnwd.com, kkqdz.com, htghr.com"
240,ttyod.com,7,0.14285714285714285,"ybgfv.com, zutpy.com, jamgp.com, awvwa.com, hfual.com, rfubl.com, zdbwm.com"
241,vzans.com,6,0.16666666666666666,"yykch.com, yzgip.com, kphlb.com, tfcza.com, chogp.com, oecyl.com"
242,cskpo.com,3,0.3333333333333333,"pyisk.com, iqegn.com, vzans.com"
243,cxwsv.com,15,0.06666666666666667,"gfhmv.com, giqqx.com, wctav.com, zajyz.com, obltl.com, kjxpr.com, nuygl.com, vaclx.com, pnwoq.com, ggpoy.com, utwin.com, mtint.com, xsheo.com, phmyp.com, wrjdb.com"
244,qrflu.com,1,1.0,wgdpn.com
245,hmdja.com,20,0.05,"ywkvg.com, ncqfz.com, uuzda.com, vzans.com, wqfek.com, mgknm.com, iisre.com, byzhz.com, fjfeu.com, ykdty.com, ygchv.com, fptin.com, llkbh.com, xsheo.com, htghr.com, aepho.com, fhlxq.com, bcpqw.com, awkpj.com, fpvwm.com"
246,sksaq.com,1,1.0,tfcza.com
247,ppbbo.com,4,0.25,"arsie.com, lnset.com, ngjui.com, mymip.com"
248,zrkqs.com,10,0.1,"wazzc.com, tbegh.com, zkhsm.com, rmzkp.com, lidsa.com, wbceg.com, vfsdm.com, kgdme.com, moawp.com, vrcti.com"
249,vlqsj.com,18,0.05555555555555555,"eltna.com, pbfpo.com, fcnbq.com, aqsyz.com, obrjc.com, xgfuf.com, hvsbs.com, avboo.com, szjle.com, xjwwk.com, epnpo.com, eyopi.com, juelg.com, vgoah.com, ldybc.com, aeson.com, houmo.com, nejxi.com"
250,vbjwe.com,23,0.043478260869565216,"ogrvn.com, cqqgb.com, lrcxw.com, arsie.com, ebsud.com, xbyvn.com, izqjp.com, ormou.com, evrnn.com, lhrcr.com, azfnw.com, vuohx.com, qpxiq.com, ajqbb.com, kumcb.com, ficjo.com, jjtff.com, vgoah.com, ajqbb.com, sjkgj.com, kehdh.com, mnpny.com, xsheo.com"
251,kgdme.com,16,0.0625,"otrph.com, kzjvn.com, voidb.com, vftld.com, zjyat.com, czayb.com, dalbn.com, nadix.com, gusnn.com, ritwi.com, qgvou.com, kkqdz.com, yzqtt.com, bmdvu.com, tdfwb.com, srwrn.com"
252,yvxts.com,6,0.16666666666666666,"obltl.com, zceuc.com, iqvfu.com, rlshr.com, kizqb.com, evrnn.com"
253,kdpok.com,8,0.125,"bzila.com, kyxql.com, bdfld.com, ajqbb.com, kphlb.com, aagqj.com, eyopi.com, qbfmh.com"
254,adbze.com,2,0.5,"zutpy.com, ymfog.com"
255,uepvv.com,7,0.14285714285714285,"mhilo.com, zdbwm.com, lrcxw.com, xykym.com, vload.com, doewq.com, ghdby.com"
256,glrbv.com,2,0.5,"cfgnf.com, kumcb.com"
257,cdixj.com,3,0.3333333333333333,"gnxoa.com, fzfdj.com, nttqc.com"
258,imtuu.com,8,0.125,"jmemc.com, ovzaw.com, plxxi.com, bfuew.com, pegbj.com, sjkgj.com, rlfso.com, byhir.com"
259,nrret.com,10,0.1,"vgoah.com, uutie.com, haxoy.com, kehdh.com, obrjc.com, afmoo.com, ghlft.com, mcmih.com, azcyt.com, ksnwg.com"
260,rhkxf.com,4,0.25,"kumcb.com, jmemc.com, kibtq.com, gmvyi.com"
261,qzwve.com,13,0.07692307692307693,"ggpoy.com, qpbnw.com, vaclx.com, vfnhm.com, sgjib.com, smvcx.com, prqvj.com, qbfmh.com, sorpj.com, vgoah.com, zkhsm.com, dhafl.com, kwljx.com"
262,varev.com,7,0.14285714285714285,"rlnxp.com, yrubt.com, ydqwp.com, eltna.com, uugvw.com, tdfwb.com, toqth.com"
263,urewr.com,4,0.25,"ywkvg.com, cdzek.com, iiljv.com, otrph.com"
264,njbzq.com,9,0.1111111111111111,"czayb.com, dyxvc.com, lfvwq.com, yrubt.com, wwzty.com, htunv.com, dnlej.com, hkwzd.com, dyxtu.com"
265,voidb.com,20,0.05,"ippdf.com, htghr.com, ehqme.com, wvpdo.com, wwhlw.com, iturd.com, slefa.com, kvwye.com, lujms.com, ikiwz.com, xcpcr.com, soheg.com, scnwd.com, itayg.com, uybcd.com, vblty.com, mpvkm.com, sgjib.com, hmhnt.com, uuzda.com"
266,gyouo.com,6,0.16666666666666666,"hsksl.com, fpvwm.com, zceuc.com, zfwzt.com, jgmna.com, lidsa.com"
267,kiazm.com,7,0.14285714285714285,"ambsh.com, prqvj.com, vsknp.com, alxkl.com, etsxj.com, awkpj.com, gzqyt.com"
268,plxxi.com,3,0.3333333333333333,"joaqq.com, yubno.com, kyxql.com"
269,moawp.com,16,0.0625,"iiljv.com, sksaq.com, lieid.com, avjkr.com, oopcs.com, rvhtm.com, shots.com, vmbtm.com, mbwln.com, vzans.com, imiex.com, shnkf.com, enpxc.com, uasnp.com, osnpf.com, awrln.com"
270,cpzed.com,10,0.1,"slkhq.com, htunv.com, iisre.com, htghr.com, fpvwm.com, srwrn.com, etsxj.com, frqvy.com, vgoah.com, qaudz.com"
271,aoxoa.com,10,0.1,"bzblj.com, ncqfz.com, adbze.com, pepic.com, juelg.com, varev.com, aurpl.com, juelg.com, kumcb.com, bcpqw.com"
272,dyxtu.com,3,0.3333333333333333,"cpzed.com, lujlt.com, nuygl.com"
273,jiyjp.com,10,0.1,"cdixj.com, lujms.com, yvxts.com, dwxkp.com, ghdby.com, gfhmv.com, ncqfz.com, yubno.com, shots.com, prqvj.com"
274,kphlb.com,6,0.16666666666666666,"alxkl.com, xlotf.com, ltfcu.com, knpfy.com, cxwsv.com, ztfvm.com"
275,unhog.com,9,0.1111111111111111,"gmvyi.com, toqth.com, ebsud.com, mhilo.com, yzgip.com, dnlej.com, kifdu.com, aeson.com, wjyfp.com"
276,ifpbe.com,23,0.043478260869565216,"zihnx.com, zphrs.com, fcnbq.com, aymph.com, qgvou.com, xgyob.com, hvsbs.com, xsheo.com, bmrif.com, vaxcm.com, kvwye.com, varev.com, ncqfz.com, zuwrq.com, lieid.com, zkhsm.com, wctav.com, bmdvu.com, drmii.com, ykdty.com, ykdty.com, mldal.com, xbyvn.com"
277,rmzkp.com,12,0.08333333333333333,"axhul.com, iqvfu.com, fsbny.com, nbfqw.com, lieid.com, kvwye.com, ymfog.com, zfwzt.com, oheta.com, mzmvx.com, ippdf.com, avboo.com"
278,ijlzk.com,1,1.0,ngjui.com
279,qaudz.com,5,0.2,"qezex.com, ggpoy.com, azcyt.com, llkbh.com, vbjwe.com"
280,mymip.com,1,1.0,kphlb.com
281,ksnwg.com,15,0.06666666666666667,"ysvpg.com, ajqbb.com, yoihc.com, zbmuf.com, qxkqf.com, tbegh.com, pyisk.com, sthal.com, hvsbs.com, cxwsv.com, wojdv.com, tgfax.com, hkwzd.com, pbfpo.com, wkiwa.com"
282,azshl.com,15,0.06666666666666667,"jmemc.com, daucj.com, yoihc.com, pxbcv.com, afmoo.com, jftvn.com, phxtw.com, xzpds.com, dnlej.com, uapje.com, tqixn.com, kifdu.com, ngjui.com, ewstd.com, uziav.com"
283,myljp.com,10,0.1,"kiazm.com, vbjwe.com, kwljx.com, wrjdb.com, vfnhm.com, wrjdb.com, htghr.com, oxpvo.com, mgknm.com, olksw.com"
284,mubpr.com,10,0.1,"vopff.com, epnpo.com, frqvy.com, mymip.com, xgfuf.com, vgozh.com, fzfdj.com, xzpds.com, gyupf.com, hlmgd.com"
285,ggpoy.com,3,0.3333333333333333,"dyxtu.com, eltna.com, cbfdo.com"
286,mldal.com,7,0.14285714285714285,"lixcg.com, sbjek.com, prqvj.com, rkydw.com, toqth.com, varev.com, kcssw.com"
287,dkzpf.com,8,0.125,"cptxb.com, zrkqs.com, jqttf.com, xgyob.com, gyouo.com, yubno.com, uasnp.com, cqkjd.com"
288,dumnf.com,2,0.5,"cpzed.com, zspqn.com"
289,nbrjd.com,5,0.2,"xcbiw.com, lieid.com, adbze.com, jmemc.com, aymph.com"
290,otjfm.com,8,0.125,"pvirh.com, lndec.com, jamgp.com, gfhmv.com, mpvkm.com, izqjp.com, jjtff.com, aurpl.com"
291,wctav.com,6,0.16666666666666666,"upqbf.com, ajqbb.com, vrcti.com, nwoxw.com, ngjui.com, mbwln.com"
292,sisnz.com,3,0.3333333333333333,"momir.com, jqttf.com, olksw.com"
293,scnwd.com,3,0.3333333333333333,"avjkr.com, azfnw.com, kkqdz.com"
294,ounoe.com,13,0.07692307692307693,"mtrjb.com, ficjo.com, vgoah.com, ahyxj.com, kehdh.com, kumcb.com, phmyp.com, zajyz.com, ywkvg.com, qzfdh.com, oxrrm.com, chogp.com, zfwzt.com"
295,soheg.com,5,0.2,"ebsud.com, aojar.com, zkhsm.com, vload.com, bdfld.com"
296,lwqpa.com,8,0.125,"voidb.com, lwgir.com, uutie.com, wwgqa.com, zrkqs.com, slefa.com, awvwa.com, vmbtm.com"
297,kvrtm.com,2,0.5,"ydqwp.com, fcnbq.com"
298,oecyl.com,2,0.5,"kibtq.com, vsknp.com"
299,uziav.com,7,0.14285714285714285,"iqegn.com, mldal.com, uasmf.com, pnwoq.com, xjwwk.com, gtgcr.com, zajyz.com"
300,znhnz.com,5,0.2,"xcbiw.com, qgqav.com, otrph.com, bmrif.com, nejxi.com"
301,zxifw.com,7,0.14285714285714285,"vaxcm.com, lfvwq.com, smvcx.com, wwzty.com, rukce.com, zfgul.com, aepho.com"
302,oonee.com,3,0.3333333333333333,"uasnp.com, lrtwo.com, zfwzt.com"
303,ctqdl.com,7,0.14285714285714285,"ogpov.com, fzjxn.com, vunsu.com, lwgir.com, ubmyk.com, yrubt.com, zqqeu.com"
304,zfnye.com,7,0.14285714285714285,"olksw.com, enpmu.com, tdfwb.com, vbjwe.com, ivyps.com, yrubt.com, kpbtq.com"
305,iyyxy.com,8,0.125,"olbww.com, oxgvl.com, fjfeu.com, slizn.com, zdbwm.com, ghlft.com, xaycj.com, jiyjp.com"
306,nadix.com,10,0.1,"oxrrm.com, wjyfp.com, kgdme.com, aaqbk.com, uyeoe.com, soheg.com, chogp.com, oecyl.com, cfgnf.com, sksaq.com"
307,nejxi.com,7,0.14285714285714285,"wymfe.com, uuzda.com, xgfuf.com, ygchv.com, bzblj.com, ydklw.com, kkqdz.com"
308,czjan.com,8,0.125,"vgoah.com, drmii.com, rtmid.com, vwxzo.com, qezex.com, lxnvj.com, mkdrp.com, xpnql.com"
309,gevvg.com,29,0.034482758620689655,"sthal.com, enpmu.com, nuygl.com, phmyp.com, scnwd.com, zbmuf.com, jjtff.com, fvkmp.com, qkaxl.com, exaxl.com, mldal.com, uyeoe.com, ahyxj.com, nymff.com, jfmds.com, zrkqs.com, nwoxw.com, afwzc.com, iiljv.com, ixcii.com, qpxiq.com, yubno.com, zxzla.com, jzflt.com, qaudz.com, iyyxy.com, tflyz.com, hkjan.com, dtzeo.com"
310,haxoy.com,4,0.25,"jdbcc.com, dalbn.com, cxwsv.com, zbmuf.com"
311,vfsdm.com,2,0.5,"qbfmh.com, bduln.com"
312,slefa.com,1,1.0,iqegn.com
313,osnpf.com,4,0.25,"doewq.com, otjfm.com, bzila.com, awvwa.com"
314,uuzda.com,28,0.03571428571428571,"rlfso.com, ztfvm.com, ykdty.com, slefa.com, ncqfz.com, ehqme.com, ahyxj.com, pfqan.com, ehqme.com, vwxzo.com, sjkgj.com, aeson.com, aepho.com, gxlut.com, ilxxq.com, vrcti.com, wwgqa.com, sbjek.com, mhilo.com, wojdv.com, fzjxn.com, kdzsj.com, iturd.com, rmzkp.com, obzso.com, mcmih.com, tbegh.com, ficjo.com"
315,cbfdo.com,6,0.16666666666666666,"aurpl.com, nwoxw.com, hfual.com, lrcxw.com, vmbtm.com, swyys.com"
316,ydqwp.com,17,0.058823529411764705,"uepvv.com, gnxoa.com, pepic.com, vunsu.com, aepho.com, hmhnt.com, dyxtu.com, etsxj.com, gxcpa.com, hfual.com, gdsaz.com, hmpoz.com, myljp.com, cqkjd.com, gzqyt.com, wigfq.com, mpaug.com"
317,ritwi.com,5,0.2,"ilxxq.com, mhilo.com, sisnz.com, lwqpa.com, srwrn.com"
318,wfnwb.com,6,0.16666666666666666,"bfmxd.com, qzejm.com, mpaug.com, szjle.com, xldin.com, frqvy.com"
319,ogrvn.com,5,0.2,"axhul.com, kifdu.com, qezex.com, sqfmo.com, obltl.com"
320,zxzla.com,20,0.05,"yepop.com, inxle.com, ymfog.com, owspq.com, ebcha.com, vzans.com, vopff.com, inxle.com, eyopi.com, unhog.com, mnpny.com, aaqbk.com, gfhmv.com, gyupf.com, bfuew.com, slkhq.com, whvrk.com, kdpok.com, smvcx.com, nttqc.com"
321,gyupf.com,6,0.16666666666666666,"dhafl.com, kvwye.com, sylxf.com, ficjo.com, byhir.com, dalbn.com"
322,ubmyk.com,3,0.3333333333333333,"oxrrm.com, imtuu.com, qpxiq.com"
323,mbwln.com,3,0.3333333333333333,"npcwl.com, vgoah.com, mupye.com"
324,ambsh.com,2,0.5,"mpvkm.com, smvcx.com"
325,umpuv.com,15,0.06666666666666667,"kpbtq.com, vzans.com, sthal.com, itayg.com, xcbiw.com, luzza.com, uasnp.com, zrkqs.com, wfnwb.com, rlnxp.com, nbprc.com, toqth.com, moawp.com, aymph.com, hmdja.com"
326,pepic.com,3,0.3333333333333333,"cskpo.com, xjwwk.com, zfgul.com"
327,iqvfu.com,7,0.14285714285714285,"byhir.com, qgqav.com, ngjui.com, hdnuh.com, izavw.com, mpaug.com, kehdh.com"
328,zfwzt.com,1,1.0,mnpny.com
329,vgoah.com,24,0.041666666666666664,"obltl.com, nejxi.com, zqqeu.com, kaiyv.com, unhog.com, vwxzk.com, gtgcr.com, fptin.com, glrbv.com, aurpl.com, bzblj.com, moawp.com, aagqj.com, qhndc.com, owspq.com, jsccf.com, bzila.com, szblj.com, rmzkp.com, vaxcm.com, azshl.com, ippdf.com, ydklw.com, lixcg.com"
330,daucj.com,9,0.1111111111111111,"ppbbo.com, ksnwg.com, vmbtm.com, mtint.com, ghlft.com, aaqbk.com, aqsyz.com, tdfwb.com, mymip.com"
331,bvzcw.com,10,0.1,"vbjwe.com, vgoah.com, tpeid.com, dalbn.com, dxqae.com, qrflu.com, qajxa.com, czjan.com, scnwd.com, mtint.com"
332,npcwl.com,10,0.1,"umpuv.com, uasmf.com, vunsu.com, iwnoa.com, mhilo.com, iqegn.com, zfgul.com, fpvwm.com, inxle.com, dwxkp.com"
333,vrcti.com,4,0.25,"jdbcc.com, kcssw.com, ydqwp.com, xnaha.com"
334,xldin.com,27,0.037037037037037035,"cqxge.com, nymff.com, rhkxf.com, dyxtu.com, wfnwb.com, wqfek.com, gyouo.com, vgozh.com, aaqbk.com, ysvpg.com, eaxyc.com, eyopi.com, kphlb.com, ifpbe.com, zxzla.com, lujlt.com, iebwl.com, lnset.com, svduj.com, xdnxo.com, bvzcw.com, rkydw.com, hxdtu.com, qzfdh.com, oonee.com, bzblj.com, zqqeu.com"
335,wjyfp.com,16,0.0625,"ovzaw.com, qkaxl.com, gevvg.com, cskpo.com, voidb.com, sbjek.com, qpzew.com, slkhq.com, jsccf.com, karoh.com, vfsdm.com, zqqeu.com, inxle.com, pfqan.com, wkiwa.com, kzjvn.com"
336,tbegh.com,16,0.0625,"gudhj.com, wwgqa.com, fzjxn.com, ttyod.com, zfwzt.com, gfhmv.com, ctqdl.com, voidb.com, rholu.com, jsccf.com, xykym.com, oheta.com, lixcg.com, nwoxw.com, sisnz.com, bfmxd.com"
337,vuohx.com,6,0.16666666666666666,"oxpvo.com, ikiwz.com, gzqyt.com, tfcza.com, smvcx.com, jcmwa.com"
338,fxrpr.com,14,0.07142857142857142,"rysig.com, bcpqw.com, zdbwm.com, ambsh.com, aqsyz.com, oecyl.com, xpnql.com, hsksl.com, cqqgb.com, imtuu.com, kwljx.com, aqzug.com, aoxoa.com, jdbcc.com"
339,rysig.com,12,0.08333333333333333,"eotvr.com, eyopi.com, nuygl.com, tsker.com, yzqtt.com, rukce.com, dhafl.com, qbfmh.com, zfwzt.com, frqvy.com, cbfdo.com, xgfuf.com"
340,cqqgb.com,5,0.2,"rfubl.com, ficjo.com, lidsa.com, ajqbb.com, kphlb.com"
341,mupye.com,1,1.0,aepho.com
342,vwxzk.com,7,0.14285714285714285,"daucj.com, gudhj.com, jpssf.com, niqpm.com, ldybc.com, znhnz.com, bzila.com"
343,zphrs.com,6,0.16666666666666666,"aaqbk.com, ppmgn.com, jzflt.com, mldal.com, juwbx.com, cpzed.com"
344,scyby.com,1,1.0,hfwbr.com
345,wqfek.com,2,0.5,"qziqe.com, jfmds.com"
346,zjyat.com,9,0.1111111111111111,"czjan.com, lfvwq.com, yzgip.com, bmrif.com, gmvyi.com, pcmxg.com, tshgl.com, dyxvc.com, imtuu.com"
347,fhlxq.com,18,0.05555555555555555,"cptxb.com, xsheo.com, juelg.com, vaxcm.com, uasnp.com, vxybc.com, mtwwy.com, nadix.com, cskpo.com, qbfmh.com, srwrn.com, iiljv.com, zfwzt.com, gnxoa.com, lfvwq.com, mldal.com, mtwwy.com, yoihc.com"
348,aeson.com,14,0.07142857142857142,"gnxoa.com, ybgfv.com, enpto.com, uuzda.com, hxdtu.com, lieid.com, mtwwy.com, momir.com, iisre.com, iebwl.com, wfnwb.com, tbegh.com, urewr.com, tsker.com"
349,kdzsj.com,1,1.0,qgqav.com
350,hlmgd.com,3,0.3333333333333333,"jiyjp.com, ldybc.com, nttqc.com"
351,mpvkm.com,3,0.3333333333333333,"jlatt.com, avjkr.com, iqegn.com"
352,vblty.com,16,0.0625,"rlnxp.com, qzejm.com, fhlxq.com, vgoah.com, phmyp.com, gyouo.com, fpvwm.com, lieid.com, uasmf.com, ajqbb.com, rlfso.com, ikiwz.com, slizn.com, shnkf.com, kwljx.com, azshl.com"
353,knpfy.com,6,0.16666666666666666,"adbze.com, iqegn.com, oxgvl.com, haxoy.com, plxxi.com, iqvfu.com"
354,cqxge.com,4,0.25,"bduln.com, gtgcr.com, lxnvj.com, kyxql.com"
355,hkwzd.com,8,0.125,"sqdst.com, lfvwq.com, glrbv.com, jiyjp.com, yepop.com, kehdh.com, pfqan.com, xsheo.com"
356,ahyxj.com,2,0.5,"sorpj.com, rysig.com"
357,qxkqf.com,7,0.14285714285714285,"cbfdo.com, kgdme.com, gnxoa.com, tshgl.com, vaclx.com, xldin.com, cskpo.com"
358,vwxzo.com,6,0.16666666666666666,"aaqbk.com, ksnwg.com, ydqwp.com, svduj.com, gkjlh.com, nbrjd.com"
359,jmemc.com,7,0.14285714285714285,"eltna.com, gyouo.com, hsksl.com, ficjo.com, fpvwm.com, jqttf.com, awrln.com"
360,karoh.com,16,0.0625,"kpbtq.com, arsie.com, kcssw.com, yubno.com, tpeid.com, ivyps.com, nymff.com, avjkr.com, mgknm.com, qpbnw.com, pruvg.com, ghlft.com, mupye.com, nupeb.com, shots.com, pfrns.com"
361,slizn.com,26,0.038461538461538464,"joaqq.com, ltfcu.com, czayb.com, wjyfp.com, kiazm.com, vwxzo.com, nbprc.com, momir.com, lixcg.com, ymfog.com, jiyjp.com, zuwrq.com, wojdv.com, rhkxf.com, ifbhd.com, kvrtm.com, wrjdb.com, tgfax.com, smvcx.com, obrjc.com, bcpqw.com, ukuni.com, slefa.com, tdfwb.com, yubno.com, tqixn.com"
362,imiex.com,3,0.3333333333333333,"azfnw.com, cfgnf.com, htunv.com"
363,gfhmv.com,27,0.037037037037037035,"ykdty.com, rkydw.com, czayb.com, ybgfv.com, fpvwm.com, oyvco.com, kcssw.com, dwxkp.com, sqfmo.com, oonee.com, zxzla.com, imiex.com, xaycj.com, juwbx.com, bfmxd.com, nuygl.com, ormou.com, rmzkp.com, souzg.com, aojar.com, eotvr.com, aeson.com, qngeo.com, lixcg.com, avjkr.com, zuwrq.com, aymph.com"
364,cptxb.com,13,0.07692307692307693,"ixcii.com, znhnz.com, eyqzl.com, aoxoa.com, oyvco.com, dxqae.com, afmoo.com, fcnbq.com, aqsyz.com, lcvmk.com, urewr.com, uutie.com, rvhtm.com"
365,tdfwb.com,6,0.16666666666666666,"lujlt.com, vwxzk.com, sylxf.com, obzso.com, rlfso.com, imtuu.com"
366,ovzaw.com,3,0.3333333333333333,"imiex.com, hxdtu.com, pegbj.com"
367,fptin.com,5,0.2,"enpmu.com, qpbnw.com, wqfek.com, mhilo.com, imiex.com"
368,vaxcm.com,13,0.07692307692307693,"lwgir.com, utwin.com, xldin.com, ogrvn.com, hxdtu.com, xsheo.com, nejxi.com, ydqwp.com, bfmxd.com, rvhtm.com, dumnf.com, maqjz.com, ybgfv.com"
369,ygchv.com,10,0.1,"afwzc.com, gudhj.com, tqixn.com, wwhlw.com, gyouo.com, qajxa.com, otyol.com, cfgnf.com, qziqe.com, pepic.com"
370,exaxl.com,5,0.2,"slkhq.com, imtuu.com, cdixj.com, vload.com, szblj.com"
371,olksw.com,6,0.16666666666666666,"rmzkp.com, unhog.com, hvsbs.com, gnxoa.com, htunv.com, jjtff.com"
372,vmbtm.com,4,0.25,"jpssf.com, aojar.com, kxbqr.com, hmhnt.com"
373,shots.com,16,0.0625,"slizn.com, toqth.com, cdixj.com, mymip.com, btebw.com, zceuc.com, sksaq.com, smvcx.com, lieid.com, vopff.com, xpnql.com, eyqzl.com, mzmvx.com, uepvv.com, yepop.com, mkdrp.com"
374,mgknm.com,8,0.125,"ivyps.com, ahyxj.com, uasmf.com, enpmu.com, vbjwe.com, ccgan.com, srwrn.com, aeson.com"
375,olbww.com,19,0.05263157894736842,"bvzcw.com, mrlbe.com, yepop.com, ydqwp.com, jgmna.com, ztfvm.com, qzruc.com, uasnp.com, rfubl.com, tqixn.com, ivyps.com, srwrn.com, vbjwe.com, tksjh.com, frqvy.com, pfvgc.com, ogrvn.com, ngjui.com, rysig.com"
376,gzqyt.com,1,1.0,wqfek.com
377,kcssw.com,6,0.16666666666666666,"flkuy.com, pruvg.com, xjwwk.com, vxybc.com, nejxi.com, awvwa.com"
378,sjkgj.com,2,0.5,"qkaxl.com, srwrn.com"
379,byhir.com,9,0.1111111111111111,"awvwa.com, wbceg.com, hvsbs.com, znhnz.com, rysig.com, jqttf.com, pvxli.com, sqfmo.com, yubno.com"
380,rlfso.com,2,0.5,"tbegh.com, tshgl.com"
381,jqttf.com,16,0.0625,"qaudz.com, zdbwm.com, kizqb.com, yrubt.com, nrret.com, cpzed.com, fzfdj.com, cqqgb.com, nadix.com, dyxtu.com, giqqx.com, izavw.com, qziqe.com, bvzcw.com, ajqbb.com, gdsaz.com"
382,tflyz.com,3,0.3333333333333333,"dtzeo.com, xzpds.com, dhafl.com"
383,ghlft.com,16,0.0625,"sbjek.com, afwzc.com, wwhlw.com, whvrk.com, rlnxp.com, ygchv.com, zajyz.com, exaxl.com, lieid.com, gusnn.com, nvxtt.com, ybgfv.com, tgfax.com, xgyob.com, rfubl.com, inxle.com"
384,fpvwm.com,7,0.14285714285714285,"njbzq.com, wbceg.com, xbyvn.com, hlmgd.com, scnwd.com, bfuew.com, uugvw.com"
385,bdcgu.com,11,0.09090909090909091,"rmzkp.com, nwoxw.com, ijlzk.com, ccgan.com, sqfmo.com, yepop.com, iqvfu.com, oonee.com, shots.com, gevvg.com, iqvfu.com"
386,tfcza.com,6,0.16666666666666666,"gusnn.com, rfubl.com, aqsyz.com, hfual.com, gdsaz.com, bvzcw.com"
387,yykch.com,6,0.16666666666666666,"ormou.com, kkqdz.com, gkjlh.com, lnset.com, qzruc.com, nupeb.com"
388,hfual.com,9,0.1111111111111111,"ubmyk.com, jamgp.com, fhlxq.com, gytwx.com, vgoah.com, kaiyv.com, wwzty.com, ifpbe.com, ygchv.com"
389,vload.com,7,0.14285714285714285,"aqzug.com, czjan.com, cqqgb.com, bfmxd.com, ymfog.com, urewr.com, sorpj.com"
390,kifdu.com,1,1.0,mzmvx.com
391,iebwl.com,1,1.0,izavw.com
392,dhsqr.com,9,0.1111111111111111,"sisnz.com, zihnx.com, mzmvx.com, bdfld.com, cqxge.com, sisnz.com, otrph.com, lidsa.com, dnlej.com"
393,eltna.com,3,0.3333333333333333,"qpbnw.com, ngjui.com, gusnn.com"
394,ajqbb.com,19,0.05263157894736842,"aymph.com, oonee.com, gyouo.com, fhlxq.com, eyqzl.com, smvcx.com, sylxf.com, pruvg.com, ogrvn.com, ydklw.com, iyyxy.com, xnaha.com, ritwi.com, slkhq.com, vopff.com, ldybc.com, tqixn.com, ybgfv.com, zxifw.com"
395,kpbtq.com,9,0.1111111111111111,"ppbbo.com, yrubt.com, ilxxq.com, kumcb.com, xsheo.com, imiex.com, uugvw.com, prqvj.com, oxrrm.com"
396,inxle.com,26,0.038461538461538464,"pnwoq.com, tfcza.com, urewr.com, kvrtm.com, fcnbq.com, mtint.com, ggpoy.com, varev.com, zfgul.com, jcmwa.com, iqegn.com, yubno.com, ukuni.com, fptin.com, tbljv.com, nbfqw.com, uyeoe.com, awvwa.com, pcmxg.com, ydqwp.com, tfcza.com, vftld.com, sgjib.com, awvwa.com, cxwsv.com, hvsbs.com"
397,ybgfv.com,11,0.09090909090909091,"rvhtm.com, ydklw.com, bvzcw.com, vucmq.com, bduln.com, fjfeu.com, xdnxo.com, xdnxo.com, wqfek.com, qajxa.com, aaqbk.com"
398,hmpoz.com,10,0.1,"niqpm.com, gmvyi.com, zxzla.com, vsknp.com, qxkqf.com, uepvv.com, obltl.com, awkpj.com, moawp.com, kehdh.com"
399,pcmxg.com,8,0.125,"dnlej.com, svduj.com, mzmvx.com, ckuyf.com, tbljv.com, luzza.com, azfnw.com, kifdu.com"
400,alxkl.com,9,0.1111111111111111,"vfsdm.com, whvrk.com, ewjsy.com, jpssf.com, mkdrp.com, ctqdl.com, htunv.com, ysvpg.com, yoihc.com"
401,afwzc.com,1,1.0,rlfso.com
402,izqjp.com,29,0.034482758620689655,"pvxli.com, npcwl.com, uugvw.com, pfvgc.com, arsie.com, obrjc.com, ropcj.com, imtuu.com, pvirh.com, jmemc.com, gevvg.com, exaxl.com, lrcxw.com, imtuu.com, phxtw.com, aojar.com, afmoo.com, qzruc.com, dyxtu.com, gxlut.com, gxlut.com, luzza.com, jfmds.com, luzza.com, dxqae.com, mcmih.com, olksw.com, gdsaz.com, zceuc.com"
403,ysvpg.com,5,0.2,"zceuc.com, phmyp.com, ngjui.com, czayb.com, ydqwp.com"
404,sylxf.com,12,0.08333333333333333,"wfnwb.com, otjfm.com, ukuni.com, fntrc.com, llkbh.com, qpbnw.com, cqqgb.com, iturd.com, awrln.com, upqbf.com, ikiwz.com, qajxa.com"
405,bfuew.com,1,1.0,qzejm.com
406,ikiwz.com,1,1.0,ajqbb.com
407,niqpm.com,2,0.5,"fptin.com, tpeid.com"
408,izavw.com,4,0.25,"htunv.com, ncqfz.com, izqjp.com, vmbtm.com"
409,mpaug.com,8,0.125,"kcssw.com, vwxzo.com, wmxnm.com, alxkl.com, pfqan.com, uziav.com, tdfwb.com, uasnp.com"
410,luzza.com,3,0.3333333333333333,"gusnn.com, lrcxw.com, kvrtm.com"
411,ajqwc.com,10,0.1,"qgvou.com, etsxj.com, uugvw.com, mupye.com, mhilo.com, sisnz.com, iyyxy.com, vfnhm.com, jpssf.com, kdzsj.com"
412,gudhj.com,26,0.038461538461538464,"ygchv.com, wbceg.com, rlfso.com, sthal.com, giqqx.com, vblty.com, etsxj.com, inxle.com, fjfeu.com, phkwc.com, dyxvc.com, smvcx.com, bmrif.com, vwxzo.com, eaxyc.com, gmvyi.com, lnset.com, rkufb.com, vload.com, aagqj.com, hmdja.com, kiazm.com, wkiwa.com, upqbf.com, vaclx.com, tgfax.com"
413,zihnx.com,13,0.07692307692307693,"lxnvj.com, yykch.com, yykch.com, oxgvl.com, ifbhd.com, xykym.com, mldal.com, momir.com, nbprc.com, obltl.com, qajxa.com, scnwd.com, mnpny.com"
414,evrnn.com,11,0.09090909090909091,"pvxli.com, shots.com, mgknm.com, tpeid.com, fjtim.com, avboo.com, dxqae.com, zajyz.com, avjkr.com, fsbny.com, itayg.com"
415,vucmq.com,9,0.1111111111111111,"ltfcu.com, fcnbq.com, vuohx.com, tqixn.com, pnwoq.com, aurpl.com, otrph.com, rholu.com, wwgqa.com"
416,ngjui.com,13,0.07692307692307693,"qkaxl.com, yzqtt.com, rlshr.com, uziav.com, ggpoy.com, vwxzk.com, ogpov.com, uasmf.com, jmemc.com, fpvwm.com, ghdby.com, lixcg.com, oxgvl.com"
417,eaxyc.com,3,0.3333333333333333,"exaxl.com, vftld.com, eotvr.com"
418,mkdrp.com,7,0.14285714285714285,"eltna.com, tksjh.com, wgdpn.com, fvkmp.com, xpnql.com, tsker.com, jamgp.com"
419,rvhtm.com,6,0.16666666666666666,"aagqj.com, urewr.com, fxknm.com, wymfe.com, obrjc.com, wjyfp.com"
420,jamgp.com,5,0.2,"gytwx.com, yoihc.com, ixcii.com, mnpny.com, urewr.com"
421,llkbh.com,1,1.0,rmzkp.com
422,avjkr.com,11,0.09090909090909091,"ixcii.com, pxbcv.com, pethe.com, cpzed.com, gbnko.com, ubmyk.com, awrln.com, oonee.com, nymff.com, qpxiq.com, slefa.com"
423,qhndc.com,8,0.125,"varev.com, znhnz.com, vlqsj.com, fsbny.com, aoxoa.com, lnset.com, ldybc.com, mupye.com"
424,iiljv.com,1,1.0,kumcb.com
425,vsknp.com,12,0.08333333333333333,"ymfog.com, hdnuh.com, xsheo.com, qbfmh.com, kpbtq.com, ahyxj.com, dyxvc.com, glrbv.com, qhndc.com, juelg.com, npcwl.com, sthal.com"
426,dyxvc.com,7,0.14285714285714285,"gmvyi.com, yepop.com, xnaha.com, momir.com, fcnbq.com, xzpds.com, mzmvx.com"
427,xlotf.com,3,0.3333333333333333,"axhul.com, qzwve.com, xpnql.com"
428,uasmf.com,5,0.2,"afmoo.com, zspqn.com, mpaug.com, mbwln.com, lxnvj.com"
429,pyisk.com,17,0.058823529411764705,"rvhtm.com, gmvyi.com, vmbtm.com, avboo.com, hkwzd.com, dyxvc.com, byzhz.com, pvirh.com, pvxli.com, plxxi.com, iqvfu.com, gudhj.com, hxdtu.com, zfnye.com, yrubt.com, fvkmp.com, ydklw.com"
430,ifbhd.com,5,0.2,"uuzda.com, gyupf.com, mpvkm.com, rlfso.com, qbfmh.com"
431,kehdh.com,1,1.0,rtmid.com
432,upqbf.com,10,0.1,"vmbtm.com, ztfvm.com, ghdby.com, izavw.com, gudhj.com, zjyat.com, aoxoa.com, rlnxp.com, wfnwb.com, gkjlh.com"
433,xgfuf.com,4,0.25,"fcnbq.com, iqvfu.com, nbrjd.com, utwin.com"
434,uugvw.com,28,0.03571428571428571,"rmzkp.com, aqzug.com, olksw.com, vwxzo.com, qgvou.com, kxbqr.com, qaudz.com, xaycj.com, rkufb.com, srwrn.com, czjan.com, giqqx.com, azshl.com, gyouo.com, nvxtt.com, mtwwy.com, bdcgu.com, wwzty.com, dalbn.com, ttyod.com, ctqdl.com, kgdme.com, szjle.com, aeson.com, ygchv.com, byzhz.com, ounoe.com, qhndc.com"
435,yzgip.com,12,0.08333333333333333,"vsknp.com, uyeoe.com, qzruc.com, kiazm.com, obltl.com, pbfpo.com, pdfev.com, xjwwk.com, ebsud.com, npcwl.com, lrcxw.com, wjyfp.com"
436,bdfld.com,5,0.2,"xcbiw.com, xbyvn.com, bdcgu.com, rmzkp.com, whvrk.com"
437,oxpvo.com,7,0.14285714285714285,"kifdu.com, kizqb.com, dyxtu.com, pfrns.com, kifdu.com, qaudz.com, ckuyf.com"
438,sorpj.com,10,0.1,"htghr.com, vgoah.com, rhkxf.com, cqkjd.com, ahyxj.com, yoihc.com, voidb.com, slkhq.com, etsxj.com, uuzda.com"
439,enpxc.com,19,0.05263157894736842,"phxtw.com, nuygl.com, bfmxd.com, ykdty.com, qpzew.com, slkhq.com, pfqan.com, dhsqr.com, byzhz.com, sthal.com, jqttf.com, mldal.com, vuohx.com, oheta.com, jdbcc.com, kpbtq.com, kdpok.com, rlfso.com, ydklw.com"
440,momir.com,10,0.1,"mpaug.com, zxifw.com, exaxl.com, zajyz.com, fzjxn.com, fptin.com, ajqbb.com, ajqbb.com, souzg.com, aepho.com"
441,flpkb.com,8,0.125,"uuzda.com, kizqb.com, ifbhd.com, ropcj.com, oxgvl.com, gnxoa.com, ltfcu.com, ghlft.com"
442,xykym.com,9,0.1111111111111111,"aurpl.com, zceuc.com, dtzeo.com, vxybc.com, gusnn.com, iwnoa.com, zphrs.com, lxnvj.com, uutie.com"
443,yrubt.com,5,0.2,"vgozh.com, fptin.com, rlnxp.com, gxlut.com, olksw.com"
444,qzruc.com,10,0.1,"qgqav.com, glrbv.com, lfvwq.com, rlfso.com, nejxi.com, vwxzk.com, aeson.com, zfgul.com, kphlb.com, htghr.com"
445,jjtff.com,7,0.14285714285714285,"wwhlw.com, ymfog.com, fxrpr.com, jzflt.com, gevvg.com, mpaug.com, oonee.com"
446,uapje.com,19,0.05263157894736842,"llkbh.com, uziav.com, pdfev.com, pfqan.com, iwnoa.com, tksjh.com, tbljv.com, jfmds.com, zjyat.com, juwbx.com, xbyvn.com, vbjwe.com, fxrpr.com, kehdh.com, jftvn.com, kdpok.com, dyxtu.com, kzjvn.com, gmvyi.com"
447,xpnql.com,4,0.25,"shots.com, wymfe.com, ewjsy.com, sqfmo.com"
448,pvxli.com,12,0.08333333333333333,"yvxts.com, czayb.com, qziqe.com, jpssf.com, iisre.com, vopff.com, oecyl.com, nbrjd.com, slkhq.com, mrlbe.com, xaycj.com, prqvj.com"
449,jdbcc.com,12,0.08333333333333333,"aqsyz.com, bdcgu.com, moobj.com, ggpoy.com, czjan.com, kzjvn.com, kumcb.com, myljp.com, rmzkp.com, exaxl.com, tqixn.com, zfnye.com"
450,qgqav.com,3,0.3333333333333333,"dumnf.com, uyeoe.com, tqixn.com"
451,aepho.com,25,0.04,"cfgnf.com, kcssw.com, afmoo.com, obltl.com, qrflu.com, vaclx.com, afwzc.com, gbnko.com, ixcii.com, wctav.com, ovzaw.com, nwoxw.com, cqqgb.com, cxwsv.com, rholu.com, ogpov.com, scnwd.com, lwgir.com, ippdf.com, kwxfk.com, kgdme.com, jqttf.com, rtmid.com, imtuu.com, rlshr.com"
452,pnwoq.com,1,1.0,svduj.com
453,wojdv.com,8,0.125,"nttqc.com, oecyl.com, oxgvl.com, sthal.com, ldybc.com, zajyz.com, ajqwc.com, qajxa.com"
454,axhul.com,27,0.037037037037037035,"mtwwy.com, daucj.com, byqms.com, wbceg.com, qpzew.com, cdzek.com, enpxc.com, azfnw.com, qezex.com, lujlt.com, mupye.com, moawp.com, ikiwz.com, nkqhg.com, vfnhm.com, iiljv.com, wvpdo.com, prqvj.com, mtwwy.com, cbfdo.com, gusnn.com, sqdst.com, jftvn.com, jqttf.com, ykdty.com, lixcg.com, uapje.com"
455,kaiyv.com,4,0.25,"kkqdz.com, otyol.com, ymfog.com, jqttf.com"
456,lujms.com,21,0.047619047619047616,"aoxoa.com, xykym.com, gdsaz.com, tdfwb.com, nttqc.com, kvwye.com, gmvyi.com, hsksl.com, aagqj.com, lieid.com, hxdtu.com, jiyjp.com, hmpoz.com, ukuni.com, ajqbb.com, phxtw.com, sjkgj.com, gyouo.com, wrjdb.com, oheta.com, knpfy.com"
457,xdnxo.com,1,1.0,zxzla.com
458,lbhoi.com,24,0.041666666666666664,"olksw.com, zphrs.com, joaqq.com, sjkgj.com, shnkf.com, kehdh.com, exaxl.com, kwljx.com, houmo.com, wkiwa.com, lujlt.com, eyqzl.com, ogrvn.com, kaiyv.com, imtuu.com, hsksl.com, lujlt.com, pcmxg.com, lujms.com, mrlbe.com, kjxpr.com, tbegh.com, tksjh.com, zceuc.com"
459,otrph.com,2,0.5,"owspq.com, qxkqf.com"
460,qfxqg.com,5,0.2,"qbfmh.com, fntrc.com, zxzla.com, eyqzl.com, nuygl.com"
461,gtgcr.com,12,0.08333333333333333,"zceuc.com, lujms.com, byqms.com, bmrif.com, vzans.com, azfnw.com, ajqbb.com, ltfcu.com, flkuy.com, iqegn.com, qhndc.com, awkpj.com"
462,mnpny.com,3,0.3333333333333333,"rysig.com, ysvpg.com, rmzkp.com"
463,zuwrq.com,2,0.5,"zxifw.com, rlnxp.com"
464,obltl.com,30,0.03333333333333333,"eotvr.com, zajyz.com, jjtff.com, cfgnf.com, ttyod.com, zutpy.com, kcssw.com, cqqgb.com, fptin.com, bzila.com, ijlzk.com, kvrtm.com, pcmxg.com, gnxoa.com, oxrrm.com, kiazm.com, aqzug.com, drmii.com, mupye.com, zfwzt.com, wjyfp.com, jcmwa.com, fzfdj.com, zdbwm.com, czayb.com, wvpdo.com, hkjan.com, voidb.com, luzza.com, cqkjd.com"
465,pxbcv.com,11,0.09090909090909091,"afwzc.com, xcbiw.com, lwgir.com, lhrcr.com, wojdv.com, yrubt.com, vaclx.com, cbfdo.com, fhlxq.com, nttqc.com, mcmih.com"
466,eotvr.com,9,0.1111111111111111,"jamgp.com, evrnn.com, awvwa.com, pfrns.com, nbprc.com, maqjz.com, slefa.com, juwbx.com, kvwye.com"
467,gytwx.com,7,0.14285714285714285,"phkwc.com, nadix.com, azfnw.com, osnpf.com, vmbtm.com, awkpj.com, tbljv.com"
468,xnaha.com,7,0.14285714285714285,"dkzpf.com, xcpcr.com, uugvw.com, vrcti.com, xlotf.com, etsxj.com, xcpcr.com"
469,dnlej.com,9,0.1111111111111111,"kphlb.com, wqfek.com, gyouo.com, jpssf.com, jgmna.com, jiyjp.com, yubno.com, hdnuh.com, ovzaw.com"
470,oyvco.com,6,0.16666666666666666,"vbjwe.com, zdbwm.com, wmxnm.com, etsxj.com, oxrrm.com, yzqtt.com"
471,mhilo.com,4,0.25,"mubpr.com, vftld.com, uuzda.com, shots.com"
472,owspq.com,9,0.1111111111111111,"lxnvj.com, hdnuh.com, bzila.com, ydklw.com, cqqgb.com, nkqhg.com, xpnql.com, eotvr.com, vxybc.com"
473,wgdpn.com,14,0.07142857142857142,"haxoy.com, hmhnt.com, nbfqw.com, cxwsv.com, zspqn.com, qzwve.com, vaxcm.com, rvhtm.com, bfmxd.com, qpxiq.com, eotvr.com, iwnoa.com, vfsdm.com, srwrn.com"
474,gmvyi.com,5,0.2,"eaxyc.com, aurpl.com, tqixn.com, qzwve.com, joaqq.com"
475,ckuyf.com,20,0.05,"jsccf.com, jmemc.com, tshgl.com, pyisk.com, xbyvn.com, bmrif.com, tdfwb.com, zxzla.com, lnset.com, ebcha.com, jftvn.com, yzqtt.com, ropcj.com, nwoxw.com, vaclx.com, moawp.com, rlfso.com, kyxql.com, mtwwy.com, sbjek.com"
476,aqzug.com,22,0.045454545454545456,"ounoe.com, tsker.com, pdfev.com, ambsh.com, yzqtt.com, pepic.com, vuohx.com, zuwrq.com, jqttf.com, iqvfu.com, ewstd.com, rvhtm.com, enpto.com, iqegn.com, jlatt.com, qezex.com, aymph.com, ogppi.com, mupye.com, moawp.com, lieid.com, bzblj.com"
477,xsheo.com,10,0.1,"njbzq.com, vopff.com, doewq.com, sgjib.com, tbegh.com, mkdrp.com, zqqeu.com, fxrpr.com, wwgqa.com, vwxzo.com"
478,qezex.com,4,0.25,"mhilo.com, qaudz.com, zuwrq.com, owspq.com"
479,zutpy.com,29,0.034482758620689655,"fjfeu.com, olksw.com, zxifw.com, imtuu.com, dnlej.com, gevvg.com, fcnbq.com, itayg.com, pcmxg.com, vgozh.com, pegbj.com, ajqwc.com, bmrif.com, sjkgj.com, iyyxy.com, vfsdm.com, hxdtu.com, kdzsj.com, ppbbo.com, enpmu.com, srwrn.com, hdnuh.com, otyol.com, arsie.com, rukce.com, tgfax.com, zxifw.com, dxqae.com, rhkxf.com"
480,juelg.com,9,0.1111111111111111,"nttqc.com, fjfeu.com, rfubl.com, wwgqa.com, knpfy.com, slefa.com, utwin.com, doewq.com, xldin.com"
481,pfqan.com,23,0.043478260869565216,"jmemc.com, haxoy.com, slizn.com, ncqfz.com, ewjsy.com, pfvgc.com, aojar.com, ydqwp.com, alxkl.com, mubpr.com, ixcii.com, axhul.com, otjfm.com, etsxj.com, bcpqw.com, zuwrq.com, kphlb.com, varev.com, lxnvj.com, gbnko.com, avboo.com, llkbh.com, luzza.com"
482,xzpds.com,5,0.2,"bcpqw.com, jpssf.com, rysig.com, vucmq.com, azcyt.com"
483,dtzeo.com,27,0.037037037037037035,"xgfuf.com, eaxyc.com, wrjdb.com, xzpds.com, mrlbe.com, mtrjb.com, otyol.com, gudhj.com, aqsyz.com, ydqwp.com, glrbv.com, qbfmh.com, fjfeu.com, ygchv.com, jdbcc.com, srwrn.com, fxknm.com, zajyz.com, ujcbk.com, pvxli.com, dhafl.com, aagqj.com, dhsqr.com, lhrcr.com, wkiwa.com, vfnhm.com, hkwzd.com"
484,lieid.com,7,0.14285714285714285,"mhilo.com, momir.com, haxoy.com, uyeoe.com, daucj.com, wwgqa.com, lujlt.com"
485,ltfcu.com,3,0.3333333333333333,"tshgl.com, fsbny.com, mpvkm.com"
486,rtmid.com,7,0.14285714285714285,"wbceg.com, vgoah.com, hfual.com, wazzc.com, ehqme.com, moobj.com, hmdja.com"
487,obrjc.com,13,0.07692307692307693,"jzflt.com, otrph.com, maqjz.com, fhlxq.com, aoxoa.com, xzpds.com, rlfso.com, sisnz.com, gnxoa.com, tksjh.com, lbhoi.com, xykym.com, ckuyf.com"
488,aqsyz.com,23,0.043478260869565216,"czjan.com, cqqgb.com, kcssw.com, ppmgn.com, lieid.com, srwrn.com, pfvgc.com, kzjvn.com, oxgvl.com, mymip.com, zphrs.com, fjtim.com, rholu.com, nwoxw.com, qzfdh.com, sthal.com, qzruc.com, olbww.com, otrph.com, slkhq.com, ydklw.com, sqdst.com, kphlb.com"
489,cqkjd.com,1,1.0,lixcg.com
490,swyys.com,2,0.5,"ksnwg.com, iqvfu.com"
491,hfwbr.com,20,0.05,"vuohx.com, phkwc.com, dxqae.com, alxkl.com, wqfek.com, gytwx.com, kvrtm.com, sgjib.com, jjtff.com, ebcha.com, fsbny.com, lnset.com, zxifw.com, qzruc.com, lrcxw.com, enpmu.com, qngeo.com, kkqdz.com, aurpl.com, pdfev.com"
492,vopff.com,12,0.08333333333333333,"gtgcr.com, myljp.com, doewq.com, qziqe.com, upqbf.com, izqjp.com, mtrjb.com, jqttf.com, alxkl.com, juwbx.com, imiex.com, kvwye.com"
493,yubno.com,2,0.5,"iwnoa.com, gudhj.com"
494,rfubl.com,2,0.5,"aeson.com, kwljx.com"
495,mtint.com,18,0.05555555555555555,"hfwbr.com, xaycj.com, vlqsj.com, ogrvn.com, zbmuf.com, vucmq.com, vucmq.com, yzqtt.com, uybcd.com, bzblj.com, dhafl.com, vzans.com, lixcg.com, zspqn.com, znhnz.com, nadix.com, enpto.com, vlqsj.com"
496,nuygl.com,2,0.5,"szblj.com, izqjp.com"
497,phxtw.com,4,0.25,"alxkl.com, zxifw.com, mtwwy.com, iyyxy.com"
498,souzg.com,8,0.125,"lxnvj.com, nvxtt.com, wigfq.com, aojar.com, aqsyz.com, hsksl.com, adbze.com, fhlxq.com"
499,ewstd.com,22,0.045454545454545456,"zfgul.com, lbhoi.com, hfwbr.com, cqkjd.com, bzila.com, qpzew.com, mbwln.com, lfvwq.com, zceuc.com, vload.com, gkjlh.com, pepic.com, ttyod.com, dxqae.com, tfcza.com, dyxvc.com, momir.com, scyby.com, izavw.com, ujcbk.com, slefa.com, iiljv.com"
